[{"_time":1574885654,"description":"Your introduction to the Sword Coast and beyond.","game_changes":[{"formation":[{"adj":[1,2],"col":0,"x":80,"y":30},{"adj":[0,2,3,4],"col":1,"x":60,"y":20},{"adj":[0,1,4,5],"col":1,"x":60,"y":40},{"adj":[1,4,6],"col":2,"x":40,"y":10},{"adj":[1,2,3,5,6,7],"col":2,"x":40,"y":30},{"adj":[2,4,7],"col":2,"x":40,"y":50},{"adj":[3,4,7,8],"col":3,"x":20,"y":20},{"adj":[4,5,6,8],"col":3,"x":20,"y":40},{"adj":[6,7],"col":4,"x":0,"y":30}],"name":"Diamond Formation","type":"formation"}],"icon_graphic_id":1151,"id":1,"name":"A Grand Tour of the Sword Coast","properties":{"gamepad_map_graphic_id":4410},"requirements":[],"reset_currency_id":1,"short_name":"Grand Tour"},{"_time":1574885654,"description":"Explore Chult on this undead-ridden adventure.","game_changes":[{"formation":[{"adj":[1,2],"col":0,"x":60,"y":30},{"adj":[0,2,3,4],"col":1,"x":40,"y":20},{"adj":[0,1,4,5],"col":1,"x":40,"y":40},{"adj":[1,4,6,7],"col":2,"x":20,"y":10},{"adj":[1,2,3,5,7,8],"col":2,"x":20,"y":30},{"adj":[2,4,8,9],"col":2,"x":20,"y":50},{"adj":[3,7],"col":3,"x":0,"y":0},{"adj":[3,4,6,8],"col":3,"x":0,"y":20},{"adj":[4,5,7,9],"col":3,"x":0,"y":40},{"adj":[5,8],"col":3,"x":0,"y":60}],"name":"Wedge formation","type":"formation"}],"icon_graphic_id":1317,"id":2,"name":"Tomb of Annihilation","properties":{"gamepad_map_graphic_id":4411},"requirements":[{"condition":"adventures_completed","count":4}],"reset_currency_id":3,"short_name":"Tomb of Annihilation"},{"_time":1571113418,"description":"Highharvestide is a time to gather and celebrate the bounty of harvest. Only this year, there are bandits causing trouble.","game_changes":[{"formation":[{"adj":[1,2,3],"col":0,"x":60,"y":20},{"adj":[0,3,4],"col":0,"x":60,"y":40},{"adj":[0,3,5],"col":1,"x":40,"y":10},{"adj":[0,1,2,4,5,6],"col":1,"x":40,"y":30},{"adj":[1,3,6],"col":1,"x":40,"y":50},{"adj":[2,3,6,7,8],"col":2,"x":20,"y":20},{"adj":[3,4,5,8,9],"col":2,"x":20,"y":40},{"adj":[5,8],"col":3,"x":0,"y":10},{"adj":[5,6,7,9],"col":3,"x":0,"y":30},{"adj":[6,8],"col":3,"x":0,"y":50}],"name":"Bulb formation","type":"formation"},{"health_growth_rate":1.85,"health_growth_rate_curve":{"1":1.85},"type":"monster_base_stats"}],"icon_graphic_id":1152,"id":3,"name":"Highharvestide","properties":{"gamepad_map_graphic_id":3371,"is_event":true},"requirements":[{"condition":"event_active","event_id":1}],"reset_currency_id":2,"short_name":"Highharvestide"},{"_time":1572288310,"description":"It's a night of celebration and general merriment, but watch your coat pockets, or you may find yourself poorer for your trouble.","game_changes":[{"formation":[{"adj":[2,3],"col":0,"x":60,"y":30},{"adj":[2,5],"col":1,"x":40,"y":0},{"adj":[0,1,3,5,6],"col":1,"x":40,"y":20},{"adj":[0,2,4,6,7],"col":1,"x":40,"y":40},{"adj":[3,7],"col":1,"x":40,"y":60},{"adj":[1,2,6,8],"col":2,"x":20,"y":10},{"adj":[2,3,5,7,8,9],"col":2,"x":20,"y":30},{"adj":[3,4,6,9],"col":2,"x":20,"y":50},{"adj":[5,6,9],"col":3,"x":0,"y":20},{"adj":[6,7,8],"col":3,"x":0,"y":40}],"name":"Pointy formation","type":"formation"},{"health_growth_rate":1.85,"health_growth_rate_curve":{"1":1.85},"type":"monster_base_stats"}],"icon_graphic_id":1402,"id":4,"name":"Liars' Night","properties":{"gamepad_map_graphic_id":3372,"is_event":true},"requirements":[{"condition":"event_active","event_id":2}],"reset_currency_id":4,"short_name":"Liars' Night"},{"_time":1574049707,"description":"Feast of the Moon","game_changes":[{"formation":[{"adj":[1,2],"col":0,"x":80,"y":20},{"adj":[0,2],"col":0,"x":80,"y":40},{"adj":[0,1,3,4],"col":1,"x":60,"y":30},{"adj":[2,4,5,6],"col":2,"x":40,"y":20},{"adj":[2,3,6,7],"col":2,"x":40,"y":40},{"adj":[3,6,8],"col":3,"x":20,"y":10},{"adj":[3,4,5,7,8,9],"col":3,"x":20,"y":30},{"adj":[4,6,9],"col":3,"x":20,"y":50},{"adj":[5,6,9],"col":4,"x":0,"y":20},{"adj":[6,7,8],"col":4,"x":0,"y":40}],"name":"Pointy formation","type":"formation"},{"health_growth_rate":1.85,"health_growth_rate_curve":{"1":1.85},"type":"monster_base_stats"}],"icon_graphic_id":1501,"id":5,"name":"Feast of the Moon","properties":{"gamepad_map_graphic_id":3365,"is_event":true},"requirements":[{"condition":"event_active","event_id":3}],"reset_currency_id":5,"short_name":"Feast of the Moon"},{"_time":1574888480,"description":"Simril","game_changes":[{"formation":[{"adj":[2,3],"col":0,"x":60,"y":10},{"adj":[4,5],"col":0,"x":60,"y":50},{"adj":[0,3,6],"col":1,"x":40,"y":0},{"adj":[0,2,4,6],"col":1,"x":40,"y":20},{"adj":[1,3,5,7],"col":1,"x":40,"y":40},{"adj":[1,4,7],"col":1,"x":40,"y":60},{"adj":[2,3,8],"col":2,"x":20,"y":10},{"adj":[4,5,9],"col":2,"x":20,"y":50},{"adj":[6,9],"col":3,"x":0,"y":20},{"adj":[7,8],"col":3,"x":0,"y":40}],"name":"Holy formation","type":"formation"},{"health_growth_rate":1.85,"health_growth_rate_curve":{"1":1.85},"type":"monster_base_stats"}],"icon_graphic_id":1684,"id":6,"name":"Simril","properties":{"gamepad_map_graphic_id":3375,"is_event":true},"requirements":[{"condition":"event_active","event_id":4}],"reset_currency_id":6,"short_name":"Simril"},{"_time":1574885654,"description":"There are rumblings of something big in Waterdeep.","game_changes":[{"formation":[{"adj":[1,2,3],"col":0,"x":60,"y":20},{"adj":[0,3,4],"col":0,"x":60,"y":40},{"adj":[0,3,5],"col":1,"x":40,"y":10},{"adj":[0,1,2,4],"col":1,"x":40,"y":30},{"adj":[1,3,6],"col":1,"x":40,"y":50},{"adj":[2,7],"col":2,"x":20,"y":0},{"adj":[4,9],"col":2,"x":20,"y":60},{"adj":[5,8],"col":3,"x":0,"y":10},{"adj":[7,9],"col":3,"x":0,"y":30},{"adj":[6,8],"col":3,"x":0,"y":50}],"name":"Tanky Donut Formation","type":"formation"},{"banner":true,"banner_offset_x":3,"bonus":3195,"bonus_large":3196,"gold":3198,"gold_large":3199,"kthriss":4787,"kthriss_large":4789,"type":"gold_icons"}],"icon_graphic_id":3131,"id":15,"name":"Waterdeep: Dragon Heist","properties":{"gamepad_map_graphic_id":4409},"requirements":[{"condition":"adventures_completed","count":15},{"condition":"client_version","required_version":125}],"reset_currency_id":15,"short_name":"Dragon Heist"},{"_time":1574885654,"description":"Time Gates","game_changes":[{"formation":[{"adj":[1,2],"col":0,"x":80,"y":30},{"adj":[0,2,3,4],"col":1,"x":60,"y":20},{"adj":[0,1,4,5],"col":1,"x":60,"y":40},{"adj":[1,4,6],"col":2,"x":40,"y":10},{"adj":[1,2,3,5,6,7],"col":2,"x":40,"y":30},{"adj":[2,4,7],"col":2,"x":40,"y":50},{"adj":[3,4,7,8],"col":3,"x":20,"y":20},{"adj":[4,5,6,8],"col":3,"x":20,"y":40},{"adj":[6,7],"col":4,"x":0,"y":30}],"name":"Overwritten formation","type":"formation"},{"initial":[-1,-1,-1,-1,-1,"s1",-1,-1,-1],"type":"initial_formation"},{"health_growth_rate":1.85,"health_growth_rate_curve":{"1":1.85},"type":"monster_base_stats"}],"icon_graphic_id":2059,"id":17,"name":"Time Gates","properties":{"is_time_gate":true,"show_on_campaign_ribbon":false},"requirements":[{"condition":"time_gates_enabled"}],"reset_currency_id":17,"short_name":"Time Gates"},{"_time":1571113414,"description":"Brightswords","game_changes":[{"formation":[{"adj":[1,3],"col":0,"x":100,"y":30},{"adj":[0,2,3,4],"col":0,"x":100,"y":50},{"adj":[1,4],"col":0,"x":100,"y":70},{"adj":[0,1,4,5],"col":1,"x":80,"y":40},{"adj":[1,2,3,5],"col":1,"x":80,"y":60},{"adj":[3,4,6],"col":2,"x":60,"y":50},{"adj":[5,7],"col":3,"x":40,"y":40},{"adj":[6,8,9],"col":4,"x":20,"y":30},{"adj":[7,9],"col":5,"x":0,"y":20},{"adj":[7,8],"col":5,"x":0,"y":40}],"name":"Brightswords formation","type":"formation"},{"initial":[-1,-1,-1,-1,-1,"s1",-1,-1,-1,-1],"type":"initial_formation"},{"health_growth_rate":1.85,"health_growth_rate_curve":{"1":1.85},"type":"monster_base_stats"}],"icon_graphic_id":3950,"id":21,"name":"Brightswords","properties":{"gamepad_map_graphic_id":3943,"is_event":true},"requirements":[{"condition":"event_active","event_id":49}],"reset_currency_id":21,"short_name":"Brightswords"},{"_time":1574885654,"description":"Baldur's Gate has become gripped by the forces of Hell and needs a merry band of Champions to save the day.","game_changes":[{"formation":[{"adj":[1,3],"col":0,"x":80,"y":0},{"adj":[0,2,3,4],"col":0,"x":80,"y":20},{"adj":[1,4],"col":0,"x":80,"y":40},{"adj":[0,1,4,5],"col":1,"x":60,"y":10},{"adj":[1,2,3,6],"col":1,"x":60,"y":30},{"adj":[3,7],"col":2,"x":40,"y":0},{"adj":[4,8],"col":2,"x":40,"y":40},{"adj":[5,8,9],"col":3,"x":20,"y":10},{"adj":[6,7,9],"col":3,"x":20,"y":30},{"adj":[7,8],"col":4,"x":0,"y":20}],"name":"A-Furnace formation","type":"formation"},{"initial":[-1,-1,-1,-1,-1,"s1",-1,-1,-1,-1],"type":"initial_formation"},{"base_health":20,"health_growth_rate":2.035,"health_growth_rate_curve":{"1":2.035},"type":"monster_base_stats"}],"icon_graphic_id":6463,"id":22,"name":"Baldur's Gate: Descent into Avernus","properties":{"gamepad_map_graphic_id":6494},"requirements":[{"condition":"adventures_completed","count":25},{"condition":"client_version","required_version":262}],"reset_currency_id":22,"short_name":"Descent into Avernus"}]