[{"_time":1579561516,"details":{"challenge_points_redirect":"patron_currency","challenges":[{"challenge_id":1,"description":"TBD","difficulty":1,"goal":1,"points":0,"random":true,"ref_stat":"TBD","set_id":2,"type":"stat","user_stat":"TBD","week_id":2},{"challenge_id":2,"description":"TBD","difficulty":1,"goal":1,"points":0,"random":true,"ref_stat":"TBD","set_id":3,"type":"stat","user_stat":"TBD","week_id":2},{"challenge_id":3,"description":"Defeat 1000 beast enemies in Mirt variants or free plays","difficulty":1,"goal":1000,"points":250,"random":true,"ref_stat":"pid1|BeastsKilled","set_id":4,"type":"stat","user_stat":"DefeatBeastsEasyS16","week_id":1},{"challenge_id":4,"description":"TBD","difficulty":1,"goal":1,"points":0,"random":true,"ref_stat":"TBD","set_id":5,"type":"stat","user_stat":"TBD","week_id":2},{"challenge_id":5,"description":"TBD","difficulty":1,"goal":1,"points":0,"random":true,"ref_stat":"TBD","set_id":6,"type":"stat","user_stat":"TBD","week_id":2},{"challenge_id":6,"description":"TBD","difficulty":1,"goal":1,"points":0,"random":true,"ref_stat":"TBD","set_id":7,"type":"stat","user_stat":"TBD","week_id":2},{"challenge_id":7,"description":"TBD","difficulty":1,"goal":1,"points":0,"random":true,"ref_stat":"TBD","set_id":7,"type":"stat","user_stat":"TBD","week_id":2},{"challenge_id":8,"description":"TBD","difficulty":1,"goal":1,"points":0,"random":true,"ref_stat":"TBD","set_id":7,"type":"stat","user_stat":"TBD","week_id":2},{"challenge_id":9,"description":"Defeat 100 bosses during any Mirt variants or free plays","difficulty":1,"goal":100,"points":250,"random":true,"ref_stat":"pid1|BossesKilled","set_id":8,"type":"stat","user_stat":"DefeatBossesEasyS16","week_id":1},{"challenge_id":10,"description":"TBD","difficulty":1,"goal":1,"points":0,"random":true,"ref_stat":"TBD","set_id":9,"type":"stat","user_stat":"TBD","week_id":2},{"challenge_id":12,"description":"TBD","difficulty":1,"goal":1,"points":0,"random":true,"ref_stat":"TBD","set_id":10,"type":"stat","user_stat":"TBD","week_id":2},{"challenge_id":13,"description":"TBD","difficulty":1,"goal":1,"points":0,"random":true,"ref_stat":"TBD","set_id":11,"type":"stat","user_stat":"TBD","week_id":2},{"alt_challenge_id":15,"challenge_id":14,"description":"TBD","difficulty":1,"goal":1,"points":0,"random":true,"ref_stat":"TBD","requirements":[{"condition":"have_hero","hero_id":18}],"set_id":12,"type":"stat","user_stat":"TBD","week_id":2},{"challenge_id":15,"description":"TBD","difficulty":1,"goal":1,"points":0,"random":true,"ref_stat":"TBD","set_id":12,"type":"stat","user_stat":"TBD","week_id":2},{"challenge_id":16,"description":"TBD","difficulty":1,"goal":1,"points":0,"random":true,"ref_stat":"TBD","set_id":12,"type":"stat","user_stat":"TBD","week_id":2},{"challenge_id":17,"description":"TBD","difficulty":1,"goal":1,"points":0,"random":true,"ref_stat":"TBD","set_id":13,"type":"stat","user_stat":"TBD","week_id":2},{"challenge_id":18,"description":"TBD","difficulty":1,"goal":1,"points":0,"random":true,"ref_stat":"TBD","set_id":13,"type":"stat","user_stat":"TBD","week_id":2},{"challenge_id":19,"description":"TBD","difficulty":1,"goal":1,"points":0,"random":true,"ref_stat":"TBD","set_id":13,"type":"stat","user_stat":"TBD","week_id":2},{"challenge_id":20,"description":"TBD","difficulty":1,"goal":1,"points":0,"random":true,"ref_stat":"TBD","set_id":13,"type":"stat","user_stat":"TBD","week_id":2},{"alt_challenge_id":15,"challenge_id":21,"description":"Complete 250 areas with Krond, Jarlaxle, and Donaar in your formation in any Mirt variants or free plays","difficulty":1,"goal":250,"points":250,"random":true,"ref_stat":"pid1|AreasWithChampionsInFormationTogether,15,4,34","requirements":[{"condition":"have_hero","hero_id":15},{"condition":"have_hero","hero_id":34}],"set_id":12,"type":"stat","user_stat":"Champions4EasyS16","week_id":1},{"alt_challenge_id":15,"challenge_id":22,"description":"TBD","difficulty":1,"goal":1,"points":0,"random":true,"ref_stat":"TBD","requirements":[{"condition":"have_hero","hero_id":19},{"condition":"have_hero","hero_id":27},{"condition":"have_hero","hero_id":50}],"set_id":12,"type":"stat","user_stat":"TBD","week_id":2},{"alt_challenge_id":15,"challenge_id":23,"description":"TBD","difficulty":1,"goal":1,"points":0,"random":true,"ref_stat":"TBD","requirements":[{"condition":"have_hero","hero_id":26},{"condition":"have_hero","hero_id":41},{"condition":"have_hero","hero_id":43}],"set_id":12,"type":"stat","user_stat":"TBD","week_id":2},{"alt_challenge_id":15,"challenge_id":24,"description":"TBD","difficulty":1,"goal":1,"points":0,"random":true,"ref_stat":"TBD","requirements":[{"condition":"have_hero","hero_id":37},{"condition":"have_hero","hero_id":49}],"set_id":12,"type":"stat","user_stat":"TBD","week_id":2},{"alt_challenge_id":15,"challenge_id":25,"description":"TBD","difficulty":1,"goal":1,"points":0,"random":true,"ref_stat":"TBD","requirements":[{"condition":"have_hero","hero_id":18},{"condition":"have_hero","hero_id":25},{"condition":"have_hero","hero_id":32}],"set_id":12,"type":"stat","user_stat":"TBD","week_id":2},{"challenge_id":26,"description":"TBD","difficulty":2,"goal":1,"points":0,"random":true,"ref_stat":"TBD","set_id":1,"type":"stat","user_stat":"TBD","week_id":2},{"challenge_id":27,"description":"TBD","difficulty":2,"goal":1,"points":0,"random":true,"ref_stat":"TBD","set_id":2,"type":"stat","user_stat":"TBD","week_id":2},{"challenge_id":28,"description":"TBD","difficulty":2,"goal":1,"points":0,"random":true,"ref_stat":"TBD","set_id":3,"type":"stat","user_stat":"TBD","week_id":2},{"challenge_id":29,"description":"TBD","difficulty":2,"goal":1,"points":0,"random":true,"ref_stat":"TBD","set_id":4,"type":"stat","user_stat":"TBD","week_id":2},{"challenge_id":30,"description":"TBD","difficulty":2,"goal":1,"points":0,"random":true,"ref_stat":"TBD","set_id":5,"type":"stat","user_stat":"TBD","week_id":2},{"challenge_id":31,"description":"Defeat 2500 undead enemies in Mirt variants or free plays","difficulty":2,"goal":2500,"points":500,"random":true,"ref_stat":"pid1|UndeadKilled","set_id":6,"type":"stat","user_stat":"DefeatUndeadMediumS16","week_id":1},{"challenge_id":32,"description":"Defeat 2500 fiend enemies in Mirt variants or free plays","difficulty":2,"goal":2500,"points":500,"random":true,"ref_stat":"pid1|FiendsKilled","set_id":7,"type":"stat","user_stat":"DefeatFiendsMediumS16","week_id":1},{"challenge_id":33,"description":"TBD","difficulty":2,"goal":1,"points":0,"random":true,"ref_stat":"TBD","set_id":7,"type":"stat","user_stat":"TBD","week_id":2},{"challenge_id":34,"description":"TBD","difficulty":2,"goal":1,"points":0,"random":true,"ref_stat":"TBD","set_id":7,"type":"stat","user_stat":"TBD","week_id":2},{"challenge_id":35,"description":"TBD","difficulty":2,"goal":1,"points":0,"random":true,"ref_stat":"TBD","set_id":8,"type":"stat","user_stat":"TBD","week_id":2},{"challenge_id":36,"description":"TBD","difficulty":2,"goal":1,"points":0,"random":true,"ref_stat":"TBD","set_id":9,"type":"stat","user_stat":"TBD","week_id":2},{"challenge_id":37,"description":"Destroy 75 distractions during any Mirt variants or free plays","difficulty":2,"goal":75,"points":500,"random":true,"ref_stat":"pid1|DistractionsClicked","set_id":10,"type":"stat","user_stat":"DestroyDistractionsMediumS16","week_id":1},{"challenge_id":38,"description":"TBD","difficulty":2,"goal":1,"points":0,"random":true,"ref_stat":"TBD","set_id":11,"type":"stat","user_stat":"TBD","week_id":2},{"alt_challenge_id":40,"challenge_id":39,"description":"TBD","difficulty":2,"goal":1,"points":0,"random":true,"ref_stat":"TBD","requirements":[{"condition":"have_hero","hero_id":18}],"set_id":12,"type":"stat","user_stat":"TBD","week_id":2},{"challenge_id":40,"description":"TBD","difficulty":2,"goal":1,"points":0,"random":true,"ref_stat":"TBD","set_id":12,"type":"stat","user_stat":"TBD","week_id":2},{"challenge_id":41,"description":"TBD","difficulty":2,"goal":1,"points":0,"random":true,"ref_stat":"TBD","set_id":12,"type":"stat","user_stat":"TBD","week_id":2},{"challenge_id":42,"description":"TBD","difficulty":2,"goal":1,"points":0,"random":true,"ref_stat":"TBD","set_id":13,"type":"stat","user_stat":"TBD","week_id":2},{"challenge_id":43,"description":"TBD","difficulty":2,"goal":1,"points":0,"random":true,"ref_stat":"TBD","set_id":13,"type":"stat","user_stat":"TBD","week_id":2},{"challenge_id":44,"description":"TBD","difficulty":2,"goal":1,"points":0,"random":true,"ref_stat":"TBD","set_id":13,"type":"stat","user_stat":"TBD","week_id":2},{"challenge_id":45,"description":"TBD","difficulty":2,"goal":1,"points":0,"random":true,"ref_stat":"TBD","set_id":13,"type":"stat","user_stat":"TBD","week_id":2},{"alt_challenge_id":40,"challenge_id":46,"description":"TBD","difficulty":2,"goal":1,"points":0,"random":true,"ref_stat":"TBD","requirements":[{"condition":"have_hero","hero_id":15},{"condition":"have_hero","hero_id":34}],"set_id":12,"type":"stat","user_stat":"TBD","week_id":2},{"alt_challenge_id":40,"challenge_id":47,"description":"TBD","difficulty":2,"goal":1,"points":0,"random":true,"ref_stat":"TBD","requirements":[{"condition":"have_hero","hero_id":19},{"condition":"have_hero","hero_id":27},{"condition":"have_hero","hero_id":50}],"set_id":12,"type":"stat","user_stat":"TBD","week_id":2},{"alt_challenge_id":40,"challenge_id":48,"description":"TBD","difficulty":2,"goal":1,"points":0,"random":true,"ref_stat":"TBD","requirements":[{"condition":"have_hero","hero_id":26},{"condition":"have_hero","hero_id":41},{"condition":"have_hero","hero_id":43}],"set_id":12,"type":"stat","user_stat":"TBD","week_id":2},{"alt_challenge_id":40,"challenge_id":49,"description":"TBD","difficulty":2,"goal":1,"points":0,"random":true,"ref_stat":"TBD","requirements":[{"condition":"have_hero","hero_id":37},{"condition":"have_hero","hero_id":49}],"set_id":12,"type":"stat","user_stat":"TBD","week_id":2},{"alt_challenge_id":40,"challenge_id":50,"description":"TBD","difficulty":2,"goal":1,"points":0,"random":true,"ref_stat":"TBD","requirements":[{"condition":"have_hero","hero_id":18},{"condition":"have_hero","hero_id":25},{"condition":"have_hero","hero_id":32}],"set_id":12,"type":"stat","user_stat":"TBD","week_id":2},{"challenge_id":51,"description":"TBD","difficulty":2,"goal":1,"points":0,"random":true,"ref_stat":"TBD","reset_trigger":{"area":250,"champion_ids":[4],"type":"highest_damage"},"set_id":14,"type":"stat","user_stat":"TBD","week_id":2},{"challenge_id":52,"description":"TBD","difficulty":2,"goal":1,"points":0,"random":true,"ref_stat":"TBD","reset_trigger":{"area":250,"champion_ids":[7],"type":"highest_damage"},"set_id":14,"type":"stat","user_stat":"TBD","week_id":2},{"challenge_id":53,"description":"TBD","difficulty":2,"goal":1,"points":0,"random":true,"ref_stat":"TBD","reset_trigger":{"area":250,"champion_ids":[8],"type":"highest_damage"},"set_id":14,"type":"stat","user_stat":"TBD","week_id":2},{"challenge_id":54,"description":"TBD","difficulty":2,"goal":1,"points":0,"random":true,"ref_stat":"TBD","reset_trigger":{"area":250,"champion_ids":[12],"type":"highest_damage"},"set_id":14,"type":"stat","user_stat":"TBD","week_id":2},{"alt_challenge_id":51,"challenge_id":55,"description":"TBD","difficulty":2,"goal":1,"points":0,"random":true,"ref_stat":"TBD","requirements":[{"condition":"have_hero","hero_id":22}],"reset_trigger":{"area":250,"champion_ids":[22],"type":"highest_damage"},"set_id":14,"type":"stat","user_stat":"TBD","week_id":2},{"alt_challenge_id":51,"challenge_id":56,"description":"Reset any Mirt variant or free play in area 250+ with Ishi as your highest total damage dealing, excluding ultimates (currently: $HIGHEST_BASE_ATTACK_CHAMPION$)","difficulty":2,"goal":1,"points":500,"random":true,"ref_stat":"pid1|ResetAreaHighestDamage250,31","requirements":[{"condition":"have_hero","hero_id":31}],"reset_trigger":{"area":250,"champion_ids":[31],"type":"highest_damage"},"set_id":14,"type":"stat","user_stat":"HighestDamage6S16","week_id":1},{"alt_challenge_id":51,"challenge_id":57,"description":"TBD","difficulty":2,"goal":1,"points":0,"random":true,"ref_stat":"TBD","requirements":[{"condition":"have_hero","hero_id":36}],"reset_trigger":{"area":250,"champion_ids":[36],"type":"highest_damage"},"set_id":14,"type":"stat","user_stat":"TBD","week_id":2},{"alt_challenge_id":51,"challenge_id":58,"description":"TBD","difficulty":2,"goal":1,"points":0,"random":true,"ref_stat":"TBD","requirements":[{"condition":"have_hero","hero_id":41}],"reset_trigger":{"area":250,"champion_ids":[41],"type":"highest_damage"},"set_id":14,"type":"stat","user_stat":"TBD","week_id":2},{"challenge_id":59,"description":"TBD","difficulty":2,"goal":1,"points":0,"random":true,"ref_stat":"TBD","reset_trigger":{"area":250,"champion_tag":"support","type":"highest_damage"},"set_id":13,"type":"stat","user_stat":"TBD","week_id":2},{"challenge_id":60,"description":"TBD","difficulty":2,"goal":1,"points":0,"random":true,"ref_stat":"TBD","reset_trigger":{"area":250,"champion_tag":"healing","type":"highest_damage"},"set_id":13,"type":"stat","user_stat":"TBD","week_id":2},{"challenge_id":61,"description":"TBD","difficulty":2,"goal":1,"points":0,"random":true,"ref_stat":"TBD","reset_trigger":{"area":250,"champion_tag":"tanking","type":"highest_damage"},"set_id":13,"type":"stat","user_stat":"TBD","week_id":2},{"challenge_id":62,"description":"TBD","difficulty":3,"goal":1,"points":0,"random":true,"ref_stat":"TBD","set_id":1,"type":"stat","user_stat":"TBD","week_id":2},{"challenge_id":63,"description":"TBD","difficulty":3,"goal":1,"points":0,"random":true,"ref_stat":"TBD","set_id":2,"type":"stat","user_stat":"TBD","week_id":2},{"challenge_id":64,"description":"TBD","difficulty":3,"goal":1,"points":0,"random":true,"ref_stat":"TBD","set_id":3,"type":"stat","user_stat":"TBD","week_id":2},{"challenge_id":65,"description":"TBD","difficulty":3,"goal":1,"points":0,"random":true,"ref_stat":"TBD","set_id":4,"type":"stat","user_stat":"TBD","week_id":2},{"challenge_id":66,"description":"TBD","difficulty":3,"goal":1,"points":0,"random":true,"ref_stat":"TBD","set_id":5,"type":"stat","user_stat":"TBD","week_id":2},{"challenge_id":67,"description":"TBD","difficulty":3,"goal":1,"points":0,"random":true,"ref_stat":"TBD","set_id":6,"type":"stat","user_stat":"TBD","week_id":2},{"challenge_id":68,"description":"TBD","difficulty":3,"goal":1,"points":0,"random":true,"ref_stat":"TBD","set_id":7,"type":"stat","user_stat":"TBD","week_id":2},{"challenge_id":69,"description":"TBD","difficulty":3,"goal":1,"points":0,"random":true,"ref_stat":"TBD","set_id":7,"type":"stat","user_stat":"TBD","week_id":2},{"challenge_id":70,"description":"TBD","difficulty":3,"goal":1,"points":0,"random":true,"ref_stat":"TBD","set_id":7,"type":"stat","user_stat":"TBD","week_id":2},{"challenge_id":71,"description":"TBD","difficulty":3,"goal":1,"points":0,"random":true,"ref_stat":"TBD","set_id":8,"type":"stat","user_stat":"TBD","week_id":2},{"challenge_id":72,"description":"Use 250 ultimate attacks during any Mirt variants or free plays","difficulty":3,"goal":250,"points":750,"random":true,"ref_stat":"pid1|UltimatesUsed","set_id":9,"type":"stat","user_stat":"UseUltimatesHardS16","week_id":1},{"challenge_id":73,"description":"TBD","difficulty":3,"goal":1,"points":0,"random":true,"ref_stat":"TBD","set_id":10,"type":"stat","user_stat":"TBD","week_id":2},{"challenge_id":74,"description":"TBD","difficulty":3,"goal":1,"points":0,"random":true,"ref_stat":"TBD","set_id":11,"type":"stat","user_stat":"TBD","week_id":2},{"alt_challenge_id":76,"challenge_id":75,"description":"TBD","difficulty":3,"goal":1,"points":0,"random":true,"ref_stat":"TBD","requirements":[{"condition":"have_hero","hero_id":18}],"set_id":12,"type":"stat","user_stat":"TBD","week_id":2},{"challenge_id":76,"description":"TBD","difficulty":3,"goal":1,"points":0,"random":true,"ref_stat":"TBD","set_id":12,"type":"stat","user_stat":"TBD","week_id":2},{"challenge_id":77,"description":"TBD","difficulty":3,"goal":1,"points":0,"random":true,"ref_stat":"TBD","set_id":12,"type":"stat","user_stat":"TBD","week_id":2},{"challenge_id":78,"description":"TBD","difficulty":3,"goal":1,"points":0,"random":true,"ref_stat":"TBD","set_id":13,"type":"stat","user_stat":"TBD","week_id":2},{"challenge_id":79,"description":"TBD","difficulty":3,"goal":1,"points":0,"random":true,"ref_stat":"TBD","set_id":13,"type":"stat","user_stat":"TBD","week_id":2},{"challenge_id":80,"description":"TBD","difficulty":3,"goal":1,"points":0,"random":true,"ref_stat":"TBD","set_id":13,"type":"stat","user_stat":"TBD","week_id":2},{"challenge_id":81,"description":"Complete 1000 areas WITHOUT any Tanking Champions in your formation in any Mirt variants or free plays","difficulty":3,"goal":1000,"points":750,"random":true,"ref_stat":"pid1|AreasWithoutTagsInFormation,tanking","set_id":13,"type":"stat","user_stat":"NoTankingHardS16","week_id":1},{"alt_challenge_id":76,"challenge_id":82,"description":"TBD","difficulty":3,"goal":1,"points":0,"random":true,"ref_stat":"TBD","requirements":[{"condition":"have_hero","hero_id":15},{"condition":"have_hero","hero_id":34}],"set_id":12,"type":"stat","user_stat":"TBD","week_id":2},{"alt_challenge_id":76,"challenge_id":83,"description":"TBD","difficulty":3,"goal":1,"points":0,"random":true,"ref_stat":"TBD","requirements":[{"condition":"have_hero","hero_id":19},{"condition":"have_hero","hero_id":27},{"condition":"have_hero","hero_id":50}],"set_id":12,"type":"stat","user_stat":"TBD","week_id":2},{"alt_challenge_id":76,"challenge_id":84,"description":"TBD","difficulty":3,"goal":1,"points":0,"random":true,"ref_stat":"TBD","requirements":[{"condition":"have_hero","hero_id":26},{"condition":"have_hero","hero_id":41},{"condition":"have_hero","hero_id":43}],"set_id":12,"type":"stat","user_stat":"TBD","week_id":2},{"alt_challenge_id":76,"challenge_id":85,"description":"TBD","difficulty":3,"goal":1,"points":0,"random":true,"ref_stat":"TBD","requirements":[{"condition":"have_hero","hero_id":37},{"condition":"have_hero","hero_id":49}],"set_id":12,"type":"stat","user_stat":"TBD","week_id":2},{"alt_challenge_id":76,"challenge_id":86,"description":"TBD","difficulty":3,"goal":1,"points":0,"random":true,"ref_stat":"TBD","requirements":[{"condition":"have_hero","hero_id":18},{"condition":"have_hero","hero_id":25},{"condition":"have_hero","hero_id":32}],"set_id":12,"type":"stat","user_stat":"TBD","week_id":2},{"challenge_id":87,"description":"Reach the weekly free play Ruby Coin cap","difficulty":3,"goal":5000,"points":750,"random":true,"ref_stat":"FreePlayPatronWeeklyCurrencyEarned,1","set_id":15,"type":"stat","user_stat":"ReachCurrencyCapS16","week_id":1},{"challenge_id":88,"description":"TBD","difficulty":3,"goal":1,"points":0,"random":true,"ref_stat":"TBD","set_id":16,"type":"stat","user_stat":"TBD","week_id":2},{"challenge_id":89,"description":"TBD","difficulty":3,"goal":1,"points":0,"random":true,"ref_stat":"TBD","set_id":17,"type":"stat","user_stat":"TBD","week_id":2}],"patron_challenges":true,"patron_id":1,"random_challenge_count":10,"random_challenge_ids":[3,9,21,31,32,37,56,72,81,87],"random_challenge_initial_date":"2019-10-07 12:00:00","random_challenge_set_duration":"weekly","random_challenges":true,"required_client_version":{"default":262},"weeks":[{"end_seconds":593684,"start_seconds":-11116,"week_id":1},{"end_seconds":680084,"start_seconds":593684,"week_id":2}]},"end_seconds":345329684,"id":2,"name":"Mirt Challenges","start_seconds":-8913916},{"_time":1579561516,"details":{"challenge_points_redirect":"patron_currency","challenges":[{"challenge_id":1,"description":"TBD","difficulty":1,"goal":1,"points":0,"random":true,"ref_stat":"TBD","set_id":2,"type":"stat","user_stat":"TBD","week_id":2},{"challenge_id":2,"description":"TBD","difficulty":1,"goal":1,"points":0,"random":true,"ref_stat":"TBD","set_id":3,"type":"stat","user_stat":"TBD","week_id":2},{"challenge_id":3,"description":"TBD","difficulty":1,"goal":1,"points":0,"random":true,"ref_stat":"TBD","set_id":4,"type":"stat","user_stat":"TBD","week_id":2},{"challenge_id":4,"description":"TBD","difficulty":1,"goal":1,"points":0,"random":true,"ref_stat":"TBD","set_id":5,"type":"stat","user_stat":"TBD","week_id":2},{"challenge_id":5,"description":"TBD","difficulty":1,"goal":1,"points":0,"random":true,"ref_stat":"TBD","set_id":6,"type":"stat","user_stat":"TBD","week_id":2},{"challenge_id":6,"description":"TBD","difficulty":1,"goal":1,"points":0,"random":true,"ref_stat":"TBD","set_id":7,"type":"stat","user_stat":"TBD","week_id":2},{"challenge_id":7,"description":"TBD","difficulty":1,"goal":1,"points":0,"random":true,"ref_stat":"TBD","set_id":7,"type":"stat","user_stat":"TBD","week_id":2},{"challenge_id":8,"description":"TBD","difficulty":1,"goal":1,"points":0,"random":true,"ref_stat":"TBD","set_id":7,"type":"stat","user_stat":"TBD","week_id":2},{"challenge_id":9,"description":"TBD","difficulty":1,"goal":1,"points":0,"random":true,"ref_stat":"TBD","set_id":8,"type":"stat","user_stat":"TBD","week_id":2},{"challenge_id":10,"description":"Use 50 ultimate attacks during any Vajra variants or free plays","difficulty":1,"goal":50,"points":250,"random":true,"ref_stat":"pid2|UltimatesUsed","set_id":9,"type":"stat","user_stat":"UseUltimatesEasyS16","week_id":1},{"challenge_id":12,"description":"TBD","difficulty":1,"goal":1,"points":0,"random":true,"ref_stat":"TBD","set_id":10,"type":"stat","user_stat":"TBD","week_id":2},{"challenge_id":13,"description":"TBD","difficulty":1,"goal":1,"points":0,"random":true,"ref_stat":"TBD","set_id":11,"type":"stat","user_stat":"TBD","week_id":2},{"alt_challenge_id":15,"challenge_id":14,"description":"TBD","difficulty":1,"goal":1,"points":0,"random":true,"ref_stat":"TBD","requirements":[{"condition":"have_hero","hero_id":18}],"set_id":12,"type":"stat","user_stat":"TBD","week_id":2},{"challenge_id":15,"description":"TBD","difficulty":1,"goal":1,"points":0,"random":true,"ref_stat":"TBD","set_id":12,"type":"stat","user_stat":"TBD","week_id":2},{"challenge_id":16,"description":"TBD","difficulty":1,"goal":1,"points":0,"random":true,"ref_stat":"TBD","set_id":12,"type":"stat","user_stat":"TBD","week_id":2},{"challenge_id":17,"description":"TBD","difficulty":1,"goal":1,"points":0,"random":true,"ref_stat":"TBD","set_id":13,"type":"stat","user_stat":"TBD","week_id":2},{"challenge_id":18,"description":"TBD","difficulty":1,"goal":1,"points":0,"random":true,"ref_stat":"TBD","set_id":13,"type":"stat","user_stat":"TBD","week_id":2},{"challenge_id":19,"description":"Complete 250 areas WITHOUT any Healing Champions in your formation in any Vajra variants or free plays","difficulty":1,"goal":250,"points":250,"random":true,"ref_stat":"pid2|AreasWithoutTagsInFormation,healing","set_id":13,"type":"stat","user_stat":"NoHealingEasyS16","week_id":1},{"challenge_id":20,"description":"TBD","difficulty":1,"goal":1,"points":0,"random":true,"ref_stat":"TBD","set_id":13,"type":"stat","user_stat":"TBD","week_id":2},{"alt_challenge_id":15,"challenge_id":21,"description":"TBD","difficulty":1,"goal":1,"points":0,"random":true,"ref_stat":"TBD","requirements":[{"condition":"have_hero","hero_id":15},{"condition":"have_hero","hero_id":28},{"condition":"have_hero","hero_id":45}],"set_id":12,"type":"stat","user_stat":"TBD","week_id":2},{"alt_challenge_id":15,"challenge_id":22,"description":"Complete 250 areas with Stoki, Deekin, and Pwent in your formation in any Vajra variants or free plays","difficulty":1,"goal":250,"points":250,"random":true,"ref_stat":"pid2|AreasWithChampionsInFormationTogether,14,28,50","requirements":[{"condition":"have_hero","hero_id":14},{"condition":"have_hero","hero_id":28},{"condition":"have_hero","hero_id":50}],"set_id":12,"type":"stat","user_stat":"Champions5EasyS16","week_id":1},{"alt_challenge_id":15,"challenge_id":23,"description":"TBD","difficulty":1,"goal":1,"points":0,"random":true,"ref_stat":"TBD","requirements":[{"condition":"have_hero","hero_id":37},{"condition":"have_hero","hero_id":47}],"set_id":12,"type":"stat","user_stat":"TBD","week_id":2},{"alt_challenge_id":15,"challenge_id":24,"description":"TBD","difficulty":1,"goal":1,"points":0,"random":true,"ref_stat":"TBD","requirements":[{"condition":"have_hero","hero_id":16},{"condition":"have_hero","hero_id":46}],"set_id":12,"type":"stat","user_stat":"TBD","week_id":2},{"alt_challenge_id":15,"challenge_id":25,"description":"TBD","difficulty":1,"goal":1,"points":0,"random":true,"ref_stat":"TBD","requirements":[{"condition":"have_hero","hero_id":18},{"condition":"have_hero","hero_id":20},{"condition":"have_hero","hero_id":25}],"set_id":12,"type":"stat","user_stat":"TBD","week_id":2},{"challenge_id":26,"description":"TBD","difficulty":2,"goal":1,"points":0,"random":true,"ref_stat":"TBD","set_id":1,"type":"stat","user_stat":"TBD","week_id":2},{"challenge_id":27,"description":"TBD","difficulty":2,"goal":1,"points":0,"random":true,"ref_stat":"TBD","set_id":2,"type":"stat","user_stat":"TBD","week_id":2},{"challenge_id":28,"description":"Earn 1500 Symbol of Vajra from Vajra free plays","difficulty":2,"goal":1500,"points":500,"random":true,"ref_stat":"pid2|FreePlayPatronCurrencyEarned,2","server_trigger":{"patron_id":2,"type":"weekly_patron_free_play_currency"},"set_id":3,"type":"stat","user_stat":"EarnCurrencyMediumS16","week_id":1},{"challenge_id":29,"description":"TBD","difficulty":2,"goal":1,"points":0,"random":true,"ref_stat":"TBD","set_id":4,"type":"stat","user_stat":"TBD","week_id":2},{"challenge_id":30,"description":"Defeat 2500 humanoid enemies in Vajra variants or free plays","difficulty":2,"goal":2500,"points":500,"random":true,"ref_stat":"pid2|HumanoidsKilled","set_id":5,"type":"stat","user_stat":"DefeatHumanoidsMediumS16","week_id":1},{"challenge_id":31,"description":"TBD","difficulty":2,"goal":1,"points":0,"random":true,"ref_stat":"TBD","set_id":6,"type":"stat","user_stat":"TBD","week_id":2},{"challenge_id":32,"description":"TBD","difficulty":2,"goal":1,"points":0,"random":true,"ref_stat":"TBD","set_id":7,"type":"stat","user_stat":"TBD","week_id":2},{"challenge_id":33,"description":"TBD","difficulty":2,"goal":1,"points":0,"random":true,"ref_stat":"TBD","set_id":7,"type":"stat","user_stat":"TBD","week_id":2},{"challenge_id":34,"description":"TBD","difficulty":2,"goal":1,"points":0,"random":true,"ref_stat":"TBD","set_id":7,"type":"stat","user_stat":"TBD","week_id":2},{"challenge_id":35,"description":"TBD","difficulty":2,"goal":1,"points":0,"random":true,"ref_stat":"TBD","set_id":8,"type":"stat","user_stat":"TBD","week_id":2},{"challenge_id":36,"description":"TBD","difficulty":2,"goal":1,"points":0,"random":true,"ref_stat":"TBD","set_id":9,"type":"stat","user_stat":"TBD","week_id":2},{"challenge_id":37,"description":"TBD","difficulty":2,"goal":1,"points":0,"random":true,"ref_stat":"TBD","set_id":10,"type":"stat","user_stat":"TBD","week_id":2},{"challenge_id":38,"description":"Collect 250 gems from boss loot bags during any Vajra variants or free plays","difficulty":2,"goal":250,"points":500,"random":true,"ref_stat":"pid2|BossGemsCollected","set_id":11,"type":"stat","user_stat":"CollectGemsMediumS16","week_id":1},{"alt_challenge_id":40,"challenge_id":39,"description":"TBD","difficulty":2,"goal":1,"points":0,"random":true,"ref_stat":"TBD","requirements":[{"condition":"have_hero","hero_id":18}],"set_id":12,"type":"stat","user_stat":"TBD","week_id":2},{"challenge_id":40,"description":"TBD","difficulty":2,"goal":1,"points":0,"random":true,"ref_stat":"TBD","set_id":12,"type":"stat","user_stat":"TBD","week_id":2},{"challenge_id":41,"description":"TBD","difficulty":2,"goal":1,"points":0,"random":true,"ref_stat":"TBD","set_id":12,"type":"stat","user_stat":"TBD","week_id":2},{"challenge_id":42,"description":"TBD","difficulty":2,"goal":1,"points":0,"random":true,"ref_stat":"TBD","set_id":13,"type":"stat","user_stat":"TBD","week_id":2},{"challenge_id":43,"description":"TBD","difficulty":2,"goal":1,"points":0,"random":true,"ref_stat":"TBD","set_id":13,"type":"stat","user_stat":"TBD","week_id":2},{"challenge_id":44,"description":"TBD","difficulty":2,"goal":1,"points":0,"random":true,"ref_stat":"TBD","set_id":13,"type":"stat","user_stat":"TBD","week_id":2},{"challenge_id":45,"description":"TBD","difficulty":2,"goal":1,"points":0,"random":true,"ref_stat":"TBD","set_id":13,"type":"stat","user_stat":"TBD","week_id":2},{"alt_challenge_id":40,"challenge_id":46,"description":"TBD","difficulty":2,"goal":1,"points":0,"random":true,"ref_stat":"TBD","requirements":[{"condition":"have_hero","hero_id":15},{"condition":"have_hero","hero_id":28},{"condition":"have_hero","hero_id":45}],"set_id":12,"type":"stat","user_stat":"TBD","week_id":2},{"alt_challenge_id":40,"challenge_id":47,"description":"TBD","difficulty":2,"goal":1,"points":0,"random":true,"ref_stat":"TBD","requirements":[{"condition":"have_hero","hero_id":14},{"condition":"have_hero","hero_id":28},{"condition":"have_hero","hero_id":50}],"set_id":12,"type":"stat","user_stat":"TBD","week_id":2},{"alt_challenge_id":40,"challenge_id":48,"description":"TBD","difficulty":2,"goal":1,"points":0,"random":true,"ref_stat":"TBD","requirements":[{"condition":"have_hero","hero_id":37},{"condition":"have_hero","hero_id":47}],"set_id":12,"type":"stat","user_stat":"TBD","week_id":2},{"alt_challenge_id":40,"challenge_id":49,"description":"TBD","difficulty":2,"goal":1,"points":0,"random":true,"ref_stat":"TBD","requirements":[{"condition":"have_hero","hero_id":16},{"condition":"have_hero","hero_id":46}],"set_id":12,"type":"stat","user_stat":"TBD","week_id":2},{"alt_challenge_id":40,"challenge_id":50,"description":"TBD","difficulty":2,"goal":1,"points":0,"random":true,"ref_stat":"TBD","requirements":[{"condition":"have_hero","hero_id":18},{"condition":"have_hero","hero_id":20},{"condition":"have_hero","hero_id":25}],"set_id":12,"type":"stat","user_stat":"TBD","week_id":2},{"challenge_id":51,"description":"TBD","difficulty":2,"goal":1,"points":0,"random":true,"ref_stat":"TBD","set_id":14,"type":"stat","user_stat":"TBD","week_id":2},{"challenge_id":52,"description":"TBD","difficulty":2,"goal":1,"points":0,"random":true,"ref_stat":"TBD","set_id":14,"type":"stat","user_stat":"TBD","week_id":2},{"challenge_id":53,"description":"TBD","difficulty":2,"goal":1,"points":0,"random":true,"ref_stat":"TBD","set_id":14,"type":"stat","user_stat":"TBD","week_id":2},{"alt_challenge_id":52,"challenge_id":54,"description":"Reset any Vajra variant or free play in area 250+ with Krond as your highest total damage dealing, excluding ultimates (currently: $HIGHEST_BASE_ATTACK_CHAMPION$)","difficulty":2,"goal":1,"points":500,"random":true,"ref_stat":"pid2|ResetAreaHighestDamage250,15","requirements":[{"condition":"have_hero","hero_id":15}],"set_id":14,"type":"stat","user_stat":"HighestDamage4S16","week_id":1},{"alt_challenge_id":52,"challenge_id":55,"description":"TBD","difficulty":2,"goal":1,"points":0,"random":true,"ref_stat":"TBD","requirements":[{"condition":"have_hero","hero_id":23}],"set_id":14,"type":"stat","user_stat":"TBD","week_id":2},{"alt_challenge_id":52,"challenge_id":56,"description":"TBD","difficulty":2,"goal":1,"points":0,"random":true,"ref_stat":"TBD","requirements":[{"condition":"have_hero","hero_id":33}],"set_id":14,"type":"stat","user_stat":"TBD","week_id":2},{"alt_challenge_id":52,"challenge_id":57,"description":"TBD","difficulty":2,"goal":1,"points":0,"random":true,"ref_stat":"TBD","requirements":[{"condition":"have_hero","hero_id":40}],"set_id":14,"type":"stat","user_stat":"TBD","week_id":2},{"alt_challenge_id":52,"challenge_id":58,"description":"TBD","difficulty":2,"goal":1,"points":0,"random":true,"ref_stat":"TBD","requirements":[{"condition":"have_hero","hero_id":27}],"set_id":14,"type":"stat","user_stat":"TBD","week_id":2},{"challenge_id":59,"description":"TBD","difficulty":2,"goal":1,"points":0,"random":true,"ref_stat":"TBD","set_id":13,"type":"stat","user_stat":"TBD","week_id":2},{"challenge_id":60,"description":"TBD","difficulty":2,"goal":1,"points":0,"random":true,"ref_stat":"TBD","set_id":13,"type":"stat","user_stat":"TBD","week_id":2},{"challenge_id":61,"description":"TBD","difficulty":2,"goal":1,"points":0,"random":true,"ref_stat":"TBD","set_id":13,"type":"stat","user_stat":"TBD","week_id":2},{"challenge_id":62,"description":"TBD","difficulty":3,"goal":1,"points":0,"random":true,"ref_stat":"TBD","set_id":1,"type":"stat","user_stat":"TBD","week_id":2},{"challenge_id":63,"description":"TBD","difficulty":3,"goal":1,"points":0,"random":true,"ref_stat":"TBD","set_id":2,"type":"stat","user_stat":"TBD","week_id":2},{"challenge_id":64,"description":"TBD","difficulty":3,"goal":1,"points":0,"random":true,"ref_stat":"TBD","set_id":3,"type":"stat","user_stat":"TBD","week_id":2},{"challenge_id":65,"description":"Defeat 5000 beast enemies in Vajra variants or free plays","difficulty":3,"goal":5000,"points":750,"random":true,"ref_stat":"pid2|BeastsKilled","set_id":4,"type":"stat","user_stat":"DefeatBeastsHardS16","week_id":1},{"challenge_id":66,"description":"TBD","difficulty":3,"goal":1,"points":0,"random":true,"ref_stat":"TBD","set_id":5,"type":"stat","user_stat":"TBD","week_id":2},{"challenge_id":67,"description":"TBD","difficulty":3,"goal":1,"points":0,"random":true,"ref_stat":"TBD","set_id":6,"type":"stat","user_stat":"TBD","week_id":2},{"challenge_id":68,"description":"Defeat 5000 fiend enemies in Vajra variants or free plays","difficulty":3,"goal":5000,"points":750,"random":true,"ref_stat":"pid2|FiendsKilled","set_id":7,"type":"stat","user_stat":"DefeatFiendsHardS16","week_id":1},{"challenge_id":69,"description":"TBD","difficulty":3,"goal":1,"points":0,"random":true,"ref_stat":"TBD","set_id":7,"type":"stat","user_stat":"TBD","week_id":2},{"challenge_id":70,"description":"TBD","difficulty":3,"goal":1,"points":0,"random":true,"ref_stat":"TBD","set_id":7,"type":"stat","user_stat":"TBD","week_id":2},{"challenge_id":71,"description":"TBD","difficulty":3,"goal":1,"points":0,"random":true,"ref_stat":"TBD","set_id":8,"type":"stat","user_stat":"TBD","week_id":2},{"challenge_id":72,"description":"TBD","difficulty":3,"goal":1,"points":0,"random":true,"ref_stat":"TBD","set_id":9,"type":"stat","user_stat":"TBD","week_id":2},{"challenge_id":73,"description":"Destroy 150 distractions during any Vajra variants or free plays","difficulty":3,"goal":150,"points":750,"random":true,"ref_stat":"pid2|DistractionsClicked","set_id":10,"type":"stat","user_stat":"DestroyDistractionsHardS16","week_id":1},{"challenge_id":74,"description":"TBD","difficulty":3,"goal":1,"points":0,"random":true,"ref_stat":"TBD","set_id":11,"type":"stat","user_stat":"TBD","week_id":2},{"alt_challenge_id":76,"challenge_id":75,"description":"TBD","difficulty":3,"goal":1,"points":0,"random":true,"ref_stat":"TBD","requirements":[{"condition":"have_hero","hero_id":18}],"set_id":12,"type":"stat","user_stat":"TBD","week_id":2},{"challenge_id":76,"description":"TBD","difficulty":3,"goal":1,"points":0,"random":true,"ref_stat":"TBD","set_id":12,"type":"stat","user_stat":"TBD","week_id":2},{"challenge_id":77,"description":"TBD","difficulty":3,"goal":1,"points":0,"random":true,"ref_stat":"TBD","set_id":12,"type":"stat","user_stat":"TBD","week_id":2},{"challenge_id":78,"description":"TBD","difficulty":3,"goal":1,"points":0,"random":true,"ref_stat":"TBD","set_id":13,"type":"stat","user_stat":"TBD","week_id":2},{"challenge_id":79,"description":"TBD","difficulty":3,"goal":1,"points":0,"random":true,"ref_stat":"TBD","set_id":13,"type":"stat","user_stat":"TBD","week_id":2},{"challenge_id":80,"description":"TBD","difficulty":3,"goal":1,"points":0,"random":true,"ref_stat":"TBD","set_id":13,"type":"stat","user_stat":"TBD","week_id":2},{"challenge_id":81,"description":"TBD","difficulty":3,"goal":1,"points":0,"random":true,"ref_stat":"TBD","set_id":13,"type":"stat","user_stat":"TBD","week_id":2},{"alt_challenge_id":76,"challenge_id":82,"description":"TBD","difficulty":3,"goal":1,"points":0,"random":true,"ref_stat":"TBD","requirements":[{"condition":"have_hero","hero_id":15},{"condition":"have_hero","hero_id":28},{"condition":"have_hero","hero_id":45}],"set_id":12,"type":"stat","user_stat":"TBD","week_id":2},{"alt_challenge_id":76,"challenge_id":83,"description":"TBD","difficulty":3,"goal":1,"points":0,"random":true,"ref_stat":"TBD","requirements":[{"condition":"have_hero","hero_id":14},{"condition":"have_hero","hero_id":28},{"condition":"have_hero","hero_id":50}],"set_id":12,"type":"stat","user_stat":"TBD","week_id":2},{"alt_challenge_id":76,"challenge_id":84,"description":"TBD","difficulty":3,"goal":1,"points":0,"random":true,"ref_stat":"TBD","requirements":[{"condition":"have_hero","hero_id":37},{"condition":"have_hero","hero_id":47}],"set_id":12,"type":"stat","user_stat":"TBD","week_id":2},{"alt_challenge_id":76,"challenge_id":85,"description":"TBD","difficulty":3,"goal":1,"points":0,"random":true,"ref_stat":"TBD","requirements":[{"condition":"have_hero","hero_id":16},{"condition":"have_hero","hero_id":46}],"set_id":12,"type":"stat","user_stat":"TBD","week_id":2},{"alt_challenge_id":76,"challenge_id":86,"description":"TBD","difficulty":3,"goal":1,"points":0,"random":true,"ref_stat":"TBD","requirements":[{"condition":"have_hero","hero_id":18},{"condition":"have_hero","hero_id":20},{"condition":"have_hero","hero_id":25}],"set_id":12,"type":"stat","user_stat":"TBD","week_id":2},{"challenge_id":87,"description":"TBD","difficulty":3,"goal":1,"points":0,"random":true,"ref_stat":"TBD","set_id":15,"type":"stat","user_stat":"TBD","week_id":2},{"challenge_id":88,"description":"TBD","difficulty":3,"goal":1,"points":0,"random":true,"ref_stat":"TBD","set_id":16,"type":"stat","user_stat":"TBD","week_id":2},{"challenge_id":89,"description":"TBD","difficulty":3,"goal":1,"points":0,"random":true,"ref_stat":"TBD","set_id":17,"type":"stat","user_stat":"TBD","week_id":2}],"patron_challenges":true,"patron_id":2,"random_challenge_count":10,"random_challenge_ids":[10,19,22,28,30,38,54,65,68,73],"random_challenge_initial_date":"2019-10-07 12:00:00","random_challenge_set_duration":"weekly","random_challenges":true,"required_client_version":{"default":262},"weeks":[{"end_seconds":593684,"start_seconds":-11116,"week_id":1},{"end_seconds":680084,"start_seconds":593684,"week_id":2}]},"end_seconds":345329684,"id":3,"name":"Vajra Challenges","start_seconds":-8913916}]