[{"_time":1574888480,"details":{"challenge_points_redirect":"patron_currency","challenges":[{"challenge_id":1,"description":"TBD","difficulty":1,"goal":1,"points":0,"random":true,"ref_stat":"TBD","set_id":2,"type":"stat","user_stat":"TBD","week_id":2},{"challenge_id":2,"description":"TBD","difficulty":1,"goal":1,"points":0,"random":true,"ref_stat":"TBD","set_id":3,"type":"stat","user_stat":"TBD","week_id":2},{"challenge_id":3,"description":"Defeat 1000 beast enemies in Mirt variants or free plays","difficulty":1,"goal":1000,"points":250,"random":true,"ref_stat":"pid1|BeastsKilled","set_id":4,"type":"stat","user_stat":"DefeatBeastsEasyS8","week_id":1},{"challenge_id":4,"description":"TBD","difficulty":1,"goal":1,"points":0,"random":true,"ref_stat":"TBD","set_id":5,"type":"stat","user_stat":"TBD","week_id":2},{"challenge_id":5,"description":"TBD","difficulty":1,"goal":1,"points":0,"random":true,"ref_stat":"TBD","set_id":6,"type":"stat","user_stat":"TBD","week_id":2},{"challenge_id":6,"description":"TBD","difficulty":1,"goal":1,"points":0,"random":true,"ref_stat":"TBD","set_id":7,"type":"stat","user_stat":"TBD","week_id":2},{"challenge_id":7,"description":"TBD","difficulty":1,"goal":1,"points":0,"random":true,"ref_stat":"TBD","set_id":7,"type":"stat","user_stat":"TBD","week_id":2},{"challenge_id":8,"description":"Defeat 1000 construct enemies in Mirt variants or free plays","difficulty":1,"goal":1000,"points":250,"random":true,"ref_stat":"pid1|ConstructsKilled","set_id":7,"type":"stat","user_stat":"DefeatConstructsEasyS8","week_id":1},{"challenge_id":9,"description":"TBD","difficulty":1,"goal":1,"points":0,"random":true,"ref_stat":"TBD","set_id":8,"type":"stat","user_stat":"TBD","week_id":2},{"challenge_id":10,"description":"TBD","difficulty":1,"goal":1,"points":0,"random":true,"ref_stat":"TBD","set_id":9,"type":"stat","user_stat":"TBD","week_id":2},{"challenge_id":12,"description":"TBD","difficulty":1,"goal":1,"points":0,"random":true,"ref_stat":"TBD","set_id":10,"type":"stat","user_stat":"TBD","week_id":2},{"challenge_id":13,"description":"Collect 100 gems from boss loot bags during any Mirt variants or free plays","difficulty":1,"goal":100,"points":250,"random":true,"ref_stat":"pid1|BossGemsCollected","set_id":11,"type":"stat","user_stat":"CollectGemsEasyS8","week_id":1},{"alt_challenge_id":15,"challenge_id":14,"description":"TBD","difficulty":1,"goal":1,"points":0,"random":true,"ref_stat":"TBD","requirements":[{"condition":"have_hero","hero_id":18}],"set_id":12,"type":"stat","user_stat":"TBD","week_id":2},{"challenge_id":15,"description":"TBD","difficulty":1,"goal":1,"points":0,"random":true,"ref_stat":"TBD","set_id":12,"type":"stat","user_stat":"TBD","week_id":2},{"challenge_id":16,"description":"TBD","difficulty":1,"goal":1,"points":0,"random":true,"ref_stat":"TBD","set_id":12,"type":"stat","user_stat":"TBD","week_id":2},{"challenge_id":17,"description":"TBD","difficulty":1,"goal":1,"points":0,"random":true,"ref_stat":"TBD","set_id":13,"type":"stat","user_stat":"TBD","week_id":2},{"challenge_id":18,"description":"TBD","difficulty":1,"goal":1,"points":0,"random":true,"ref_stat":"TBD","set_id":13,"type":"stat","user_stat":"TBD","week_id":2},{"challenge_id":19,"description":"TBD","difficulty":1,"goal":1,"points":0,"random":true,"ref_stat":"TBD","set_id":13,"type":"stat","user_stat":"TBD","week_id":2},{"challenge_id":20,"description":"TBD","difficulty":1,"goal":1,"points":0,"random":true,"ref_stat":"TBD","set_id":13,"type":"stat","user_stat":"TBD","week_id":2},{"alt_challenge_id":15,"challenge_id":21,"description":"TBD","difficulty":1,"goal":1,"points":0,"random":true,"ref_stat":"TBD","requirements":[{"condition":"have_hero","hero_id":15},{"condition":"have_hero","hero_id":34}],"set_id":12,"type":"stat","user_stat":"TBD","week_id":2},{"alt_challenge_id":15,"challenge_id":22,"description":"TBD","difficulty":1,"goal":1,"points":0,"random":true,"ref_stat":"TBD","requirements":[{"condition":"have_hero","hero_id":19},{"condition":"have_hero","hero_id":27},{"condition":"have_hero","hero_id":50}],"set_id":12,"type":"stat","user_stat":"TBD","week_id":2},{"alt_challenge_id":15,"challenge_id":23,"description":"TBD","difficulty":1,"goal":1,"points":0,"random":true,"ref_stat":"TBD","requirements":[{"condition":"have_hero","hero_id":26},{"condition":"have_hero","hero_id":41},{"condition":"have_hero","hero_id":43}],"set_id":12,"type":"stat","user_stat":"TBD","week_id":2},{"alt_challenge_id":15,"challenge_id":24,"description":"TBD","difficulty":1,"goal":1,"points":0,"random":true,"ref_stat":"TBD","requirements":[{"condition":"have_hero","hero_id":37},{"condition":"have_hero","hero_id":49}],"set_id":12,"type":"stat","user_stat":"TBD","week_id":2},{"alt_challenge_id":15,"challenge_id":25,"description":"TBD","difficulty":1,"goal":1,"points":0,"random":true,"ref_stat":"TBD","requirements":[{"condition":"have_hero","hero_id":18},{"condition":"have_hero","hero_id":25},{"condition":"have_hero","hero_id":32}],"set_id":12,"type":"stat","user_stat":"TBD","week_id":2},{"challenge_id":26,"description":"TBD","difficulty":2,"goal":1,"points":0,"random":true,"ref_stat":"TBD","set_id":1,"type":"stat","user_stat":"TBD","week_id":2},{"challenge_id":27,"description":"Complete area 300 or higher in any Mirt free play","difficulty":2,"goal":300,"points":500,"random":true,"ref_stat":"pid1|HighestFreePlayArea","set_id":2,"type":"stat","user_stat":"FreePlayAreaMediumS8","week_id":1},{"challenge_id":28,"description":"TBD","difficulty":2,"goal":1,"points":0,"random":true,"ref_stat":"TBD","set_id":3,"type":"stat","user_stat":"TBD","week_id":2},{"challenge_id":29,"description":"TBD","difficulty":2,"goal":1,"points":0,"random":true,"ref_stat":"TBD","set_id":4,"type":"stat","user_stat":"TBD","week_id":2},{"challenge_id":30,"description":"TBD","difficulty":2,"goal":1,"points":0,"random":true,"ref_stat":"TBD","set_id":5,"type":"stat","user_stat":"TBD","week_id":2},{"challenge_id":31,"description":"TBD","difficulty":2,"goal":1,"points":0,"random":true,"ref_stat":"TBD","set_id":6,"type":"stat","user_stat":"TBD","week_id":2},{"challenge_id":32,"description":"TBD","difficulty":2,"goal":1,"points":0,"random":true,"ref_stat":"TBD","set_id":7,"type":"stat","user_stat":"TBD","week_id":2},{"challenge_id":33,"description":"TBD","difficulty":2,"goal":1,"points":0,"random":true,"ref_stat":"TBD","set_id":7,"type":"stat","user_stat":"TBD","week_id":2},{"challenge_id":34,"description":"TBD","difficulty":2,"goal":1,"points":0,"random":true,"ref_stat":"TBD","set_id":7,"type":"stat","user_stat":"TBD","week_id":2},{"challenge_id":35,"description":"TBD","difficulty":2,"goal":1,"points":0,"random":true,"ref_stat":"TBD","set_id":8,"type":"stat","user_stat":"TBD","week_id":2},{"challenge_id":36,"description":"TBD","difficulty":2,"goal":1,"points":0,"random":true,"ref_stat":"TBD","set_id":9,"type":"stat","user_stat":"TBD","week_id":2},{"challenge_id":37,"description":"Destroy 75 distractions during any Mirt variants or free plays","difficulty":2,"goal":75,"points":500,"random":true,"ref_stat":"pid1|DistractionsClicked","set_id":10,"type":"stat","user_stat":"DestroyDistractionsMediumS8","week_id":1},{"challenge_id":38,"description":"TBD","difficulty":2,"goal":1,"points":0,"random":true,"ref_stat":"TBD","set_id":11,"type":"stat","user_stat":"TBD","week_id":2},{"alt_challenge_id":40,"challenge_id":39,"description":"TBD","difficulty":2,"goal":1,"points":0,"random":true,"ref_stat":"TBD","requirements":[{"condition":"have_hero","hero_id":18}],"set_id":12,"type":"stat","user_stat":"TBD","week_id":2},{"challenge_id":40,"description":"TBD","difficulty":2,"goal":1,"points":0,"random":true,"ref_stat":"TBD","set_id":12,"type":"stat","user_stat":"TBD","week_id":2},{"challenge_id":41,"description":"TBD","difficulty":2,"goal":1,"points":0,"random":true,"ref_stat":"TBD","set_id":12,"type":"stat","user_stat":"TBD","week_id":2},{"challenge_id":42,"description":"TBD","difficulty":2,"goal":1,"points":0,"random":true,"ref_stat":"TBD","set_id":13,"type":"stat","user_stat":"TBD","week_id":2},{"challenge_id":43,"description":"TBD","difficulty":2,"goal":1,"points":0,"random":true,"ref_stat":"TBD","set_id":13,"type":"stat","user_stat":"TBD","week_id":2},{"challenge_id":44,"description":"TBD","difficulty":2,"goal":1,"points":0,"random":true,"ref_stat":"TBD","set_id":13,"type":"stat","user_stat":"TBD","week_id":2},{"challenge_id":45,"description":"TBD","difficulty":2,"goal":1,"points":0,"random":true,"ref_stat":"TBD","set_id":13,"type":"stat","user_stat":"TBD","week_id":2},{"alt_challenge_id":40,"challenge_id":46,"description":"TBD","difficulty":2,"goal":1,"points":0,"random":true,"ref_stat":"TBD","requirements":[{"condition":"have_hero","hero_id":15},{"condition":"have_hero","hero_id":34}],"set_id":12,"type":"stat","user_stat":"TBD","week_id":2},{"alt_challenge_id":40,"challenge_id":47,"description":"TBD","difficulty":2,"goal":1,"points":0,"random":true,"ref_stat":"TBD","requirements":[{"condition":"have_hero","hero_id":19},{"condition":"have_hero","hero_id":27},{"condition":"have_hero","hero_id":50}],"set_id":12,"type":"stat","user_stat":"TBD","week_id":2},{"alt_challenge_id":40,"challenge_id":48,"description":"Complete 500 areas with Evelyn, Rosie, and Spurt in your formation in any Mirt variants or free plays","difficulty":2,"goal":500,"points":500,"random":true,"ref_stat":"pid1|AreasWithChampionsInFormationTogether,26,41,43","requirements":[{"condition":"have_hero","hero_id":26},{"condition":"have_hero","hero_id":41},{"condition":"have_hero","hero_id":43}],"set_id":12,"type":"stat","user_stat":"Champions6MediumS8","week_id":1},{"alt_challenge_id":40,"challenge_id":49,"description":"TBD","difficulty":2,"goal":1,"points":0,"random":true,"ref_stat":"TBD","requirements":[{"condition":"have_hero","hero_id":37},{"condition":"have_hero","hero_id":49}],"set_id":12,"type":"stat","user_stat":"TBD","week_id":2},{"alt_challenge_id":40,"challenge_id":50,"description":"TBD","difficulty":2,"goal":1,"points":0,"random":true,"ref_stat":"TBD","requirements":[{"condition":"have_hero","hero_id":18},{"condition":"have_hero","hero_id":25},{"condition":"have_hero","hero_id":32}],"set_id":12,"type":"stat","user_stat":"TBD","week_id":2},{"challenge_id":51,"description":"TBD","difficulty":2,"goal":1,"points":0,"random":true,"ref_stat":"TBD","reset_trigger":{"area":250,"champion_ids":[4],"type":"highest_damage"},"set_id":14,"type":"stat","user_stat":"TBD","week_id":2},{"challenge_id":52,"description":"Reset any Mirt variant or free play in area 250+ with Minsc as your highest total damage dealing, excluding ultimates (currently: $HIGHEST_BASE_ATTACK_CHAMPION$)","difficulty":2,"goal":1,"points":500,"random":true,"ref_stat":"pid1|ResetAreaHighestDamage250,7","reset_trigger":{"area":250,"champion_ids":[7],"type":"highest_damage"},"set_id":14,"type":"stat","user_stat":"HighestDamage2S8","week_id":1},{"challenge_id":53,"description":"TBD","difficulty":2,"goal":1,"points":0,"random":true,"ref_stat":"TBD","reset_trigger":{"area":250,"champion_ids":[8],"type":"highest_damage"},"set_id":14,"type":"stat","user_stat":"TBD","week_id":2},{"challenge_id":54,"description":"TBD","difficulty":2,"goal":1,"points":0,"random":true,"ref_stat":"TBD","reset_trigger":{"area":250,"champion_ids":[12],"type":"highest_damage"},"set_id":14,"type":"stat","user_stat":"TBD","week_id":2},{"alt_challenge_id":51,"challenge_id":55,"description":"TBD","difficulty":2,"goal":1,"points":0,"random":true,"ref_stat":"TBD","requirements":[{"condition":"have_hero","hero_id":22}],"reset_trigger":{"area":250,"champion_ids":[22],"type":"highest_damage"},"set_id":14,"type":"stat","user_stat":"TBD","week_id":2},{"alt_challenge_id":51,"challenge_id":56,"description":"TBD","difficulty":2,"goal":1,"points":0,"random":true,"ref_stat":"TBD","requirements":[{"condition":"have_hero","hero_id":31}],"reset_trigger":{"area":250,"champion_ids":[31],"type":"highest_damage"},"set_id":14,"type":"stat","user_stat":"TBD","week_id":2},{"alt_challenge_id":51,"challenge_id":57,"description":"TBD","difficulty":2,"goal":1,"points":0,"random":true,"ref_stat":"TBD","requirements":[{"condition":"have_hero","hero_id":36}],"reset_trigger":{"area":250,"champion_ids":[36],"type":"highest_damage"},"set_id":14,"type":"stat","user_stat":"TBD","week_id":2},{"alt_challenge_id":51,"challenge_id":58,"description":"TBD","difficulty":2,"goal":1,"points":0,"random":true,"ref_stat":"TBD","requirements":[{"condition":"have_hero","hero_id":41}],"reset_trigger":{"area":250,"champion_ids":[41],"type":"highest_damage"},"set_id":14,"type":"stat","user_stat":"TBD","week_id":2},{"challenge_id":59,"description":"TBD","difficulty":2,"goal":1,"points":0,"random":true,"ref_stat":"TBD","reset_trigger":{"area":250,"champion_tag":"support","type":"highest_damage"},"set_id":13,"type":"stat","user_stat":"TBD","week_id":2},{"challenge_id":60,"description":"TBD","difficulty":2,"goal":1,"points":0,"random":true,"ref_stat":"TBD","reset_trigger":{"area":250,"champion_tag":"healing","type":"highest_damage"},"set_id":13,"type":"stat","user_stat":"TBD","week_id":2},{"challenge_id":61,"description":"TBD","difficulty":2,"goal":1,"points":0,"random":true,"ref_stat":"TBD","reset_trigger":{"area":250,"champion_tag":"tanking","type":"highest_damage"},"set_id":13,"type":"stat","user_stat":"TBD","week_id":2},{"challenge_id":62,"description":"TBD","difficulty":3,"goal":1,"points":0,"random":true,"ref_stat":"TBD","set_id":1,"type":"stat","user_stat":"TBD","week_id":2},{"challenge_id":63,"description":"TBD","difficulty":3,"goal":1,"points":0,"random":true,"ref_stat":"TBD","set_id":2,"type":"stat","user_stat":"TBD","week_id":2},{"challenge_id":64,"description":"Earn 2500 Ruby Coins from Mirt free plays","difficulty":3,"goal":2500,"points":750,"random":true,"ref_stat":"pid1|FreePlayPatronCurrencyEarned,1","server_trigger":{"patron_id":1,"type":"weekly_patron_free_play_currency"},"set_id":3,"type":"stat","user_stat":"EarnCurrencyHardS8","week_id":1},{"challenge_id":65,"description":"TBD","difficulty":3,"goal":1,"points":0,"random":true,"ref_stat":"TBD","set_id":4,"type":"stat","user_stat":"TBD","week_id":2},{"challenge_id":66,"description":"TBD","difficulty":3,"goal":1,"points":0,"random":true,"ref_stat":"TBD","set_id":5,"type":"stat","user_stat":"TBD","week_id":2},{"challenge_id":67,"description":"TBD","difficulty":3,"goal":1,"points":0,"random":true,"ref_stat":"TBD","set_id":6,"type":"stat","user_stat":"TBD","week_id":2},{"challenge_id":68,"description":"TBD","difficulty":3,"goal":1,"points":0,"random":true,"ref_stat":"TBD","set_id":7,"type":"stat","user_stat":"TBD","week_id":2},{"challenge_id":69,"description":"TBD","difficulty":3,"goal":1,"points":0,"random":true,"ref_stat":"TBD","set_id":7,"type":"stat","user_stat":"TBD","week_id":2},{"challenge_id":70,"description":"TBD","difficulty":3,"goal":1,"points":0,"random":true,"ref_stat":"TBD","set_id":7,"type":"stat","user_stat":"TBD","week_id":2},{"challenge_id":71,"description":"TBD","difficulty":3,"goal":1,"points":0,"random":true,"ref_stat":"TBD","set_id":8,"type":"stat","user_stat":"TBD","week_id":2},{"challenge_id":72,"description":"TBD","difficulty":3,"goal":1,"points":0,"random":true,"ref_stat":"TBD","set_id":9,"type":"stat","user_stat":"TBD","week_id":2},{"challenge_id":73,"description":"TBD","difficulty":3,"goal":1,"points":0,"random":true,"ref_stat":"TBD","set_id":10,"type":"stat","user_stat":"TBD","week_id":2},{"challenge_id":74,"description":"TBD","difficulty":3,"goal":1,"points":0,"random":true,"ref_stat":"TBD","set_id":11,"type":"stat","user_stat":"TBD","week_id":2},{"alt_challenge_id":76,"challenge_id":75,"description":"TBD","difficulty":3,"goal":1,"points":0,"random":true,"ref_stat":"TBD","requirements":[{"condition":"have_hero","hero_id":18}],"set_id":12,"type":"stat","user_stat":"TBD","week_id":2},{"challenge_id":76,"description":"TBD","difficulty":3,"goal":1,"points":0,"random":true,"ref_stat":"TBD","set_id":12,"type":"stat","user_stat":"TBD","week_id":2},{"challenge_id":77,"description":"TBD","difficulty":3,"goal":1,"points":0,"random":true,"ref_stat":"TBD","set_id":12,"type":"stat","user_stat":"TBD","week_id":2},{"challenge_id":78,"description":"Complete 1000 areas WITHOUT any DPS Champions in your formation in any Mirt variants or free plays","difficulty":3,"goal":1000,"points":750,"random":true,"ref_stat":"pid1|AreasWithoutTagsInFormation,dps","set_id":13,"type":"stat","user_stat":"NoDPSHardS8","week_id":1},{"challenge_id":79,"description":"TBD","difficulty":3,"goal":1,"points":0,"random":true,"ref_stat":"TBD","set_id":13,"type":"stat","user_stat":"TBD","week_id":2},{"challenge_id":80,"description":"TBD","difficulty":3,"goal":1,"points":0,"random":true,"ref_stat":"TBD","set_id":13,"type":"stat","user_stat":"TBD","week_id":2},{"challenge_id":81,"description":"TBD","difficulty":3,"goal":1,"points":0,"random":true,"ref_stat":"TBD","set_id":13,"type":"stat","user_stat":"TBD","week_id":2},{"alt_challenge_id":76,"challenge_id":82,"description":"TBD","difficulty":3,"goal":1,"points":0,"random":true,"ref_stat":"TBD","requirements":[{"condition":"have_hero","hero_id":15},{"condition":"have_hero","hero_id":34}],"set_id":12,"type":"stat","user_stat":"TBD","week_id":2},{"alt_challenge_id":76,"challenge_id":83,"description":"TBD","difficulty":3,"goal":1,"points":0,"random":true,"ref_stat":"TBD","requirements":[{"condition":"have_hero","hero_id":19},{"condition":"have_hero","hero_id":27},{"condition":"have_hero","hero_id":50}],"set_id":12,"type":"stat","user_stat":"TBD","week_id":2},{"alt_challenge_id":76,"challenge_id":84,"description":"TBD","difficulty":3,"goal":1,"points":0,"random":true,"ref_stat":"TBD","requirements":[{"condition":"have_hero","hero_id":26},{"condition":"have_hero","hero_id":41},{"condition":"have_hero","hero_id":43}],"set_id":12,"type":"stat","user_stat":"TBD","week_id":2},{"alt_challenge_id":76,"challenge_id":85,"description":"TBD","difficulty":3,"goal":1,"points":0,"random":true,"ref_stat":"TBD","requirements":[{"condition":"have_hero","hero_id":37},{"condition":"have_hero","hero_id":49}],"set_id":12,"type":"stat","user_stat":"TBD","week_id":2},{"alt_challenge_id":76,"challenge_id":86,"description":"TBD","difficulty":3,"goal":1,"points":0,"random":true,"ref_stat":"TBD","requirements":[{"condition":"have_hero","hero_id":18},{"condition":"have_hero","hero_id":25},{"condition":"have_hero","hero_id":32}],"set_id":12,"type":"stat","user_stat":"TBD","week_id":2},{"challenge_id":87,"description":"TBD","difficulty":3,"goal":1,"points":0,"random":true,"ref_stat":"TBD","set_id":15,"type":"stat","user_stat":"TBD","week_id":2},{"challenge_id":88,"description":"Open a Mirt Patron Chest","difficulty":3,"goal":1,"points":750,"random":true,"ref_stat":"PatronChestOpened,1","set_id":16,"type":"stat","user_stat":"OpenPatronChestS8","week_id":1},{"challenge_id":89,"description":"TBD","difficulty":3,"goal":1,"points":0,"random":true,"ref_stat":"TBD","set_id":17,"type":"stat","user_stat":"TBD","week_id":2}],"patron_challenges":true,"patron_id":1,"random_challenge_count":10,"random_challenge_ids":[3,8,13,27,37,48,52,64,78,88],"random_challenge_initial_date":"2019-10-07 12:00:00","random_challenge_set_duration":"weekly","random_challenges":true,"required_client_version":{"default":262},"weeks":[{"end_seconds":428464,"start_seconds":-176336,"week_id":1},{"end_seconds":514864,"start_seconds":428464,"week_id":2}]},"end_seconds":350002864,"id":2,"name":"Mirt Challenges","start_seconds":-4240736},{"_time":1574888480,"details":{"challenge_points_redirect":"patron_currency","challenges":[{"challenge_id":1,"description":"TBD","difficulty":1,"goal":1,"points":0,"random":true,"ref_stat":"TBD","set_id":2,"type":"stat","user_stat":"TBD","week_id":2},{"challenge_id":2,"description":"Earn 500 Symbol of Vajra from Vajra free plays","difficulty":1,"goal":500,"points":250,"random":true,"ref_stat":"pid2|FreePlayPatronCurrencyEarned,2","server_trigger":{"patron_id":2,"type":"weekly_patron_free_play_currency"},"set_id":3,"type":"stat","user_stat":"EarnCurrencyEasyS8","week_id":1},{"challenge_id":3,"description":"TBD","difficulty":1,"goal":1,"points":0,"random":true,"ref_stat":"TBD","set_id":4,"type":"stat","user_stat":"TBD","week_id":2},{"challenge_id":4,"description":"Defeat 1000 humanoid enemies in Vajra variants or free plays","difficulty":1,"goal":1000,"points":250,"random":true,"ref_stat":"pid2|HumanoidsKilled","set_id":5,"type":"stat","user_stat":"DefeatHumanoidsEasyS8","week_id":1},{"challenge_id":5,"description":"TBD","difficulty":1,"goal":1,"points":0,"random":true,"ref_stat":"TBD","set_id":6,"type":"stat","user_stat":"TBD","week_id":2},{"challenge_id":6,"description":"TBD","difficulty":1,"goal":1,"points":0,"random":true,"ref_stat":"TBD","set_id":7,"type":"stat","user_stat":"TBD","week_id":2},{"challenge_id":7,"description":"TBD","difficulty":1,"goal":1,"points":0,"random":true,"ref_stat":"TBD","set_id":7,"type":"stat","user_stat":"TBD","week_id":2},{"challenge_id":8,"description":"TBD","difficulty":1,"goal":1,"points":0,"random":true,"ref_stat":"TBD","set_id":7,"type":"stat","user_stat":"TBD","week_id":2},{"challenge_id":9,"description":"TBD","difficulty":1,"goal":1,"points":0,"random":true,"ref_stat":"TBD","set_id":8,"type":"stat","user_stat":"TBD","week_id":2},{"challenge_id":10,"description":"TBD","difficulty":1,"goal":1,"points":0,"random":true,"ref_stat":"TBD","set_id":9,"type":"stat","user_stat":"TBD","week_id":2},{"challenge_id":12,"description":"Destroy 25 distractions during any Vajra variants or free plays","difficulty":1,"goal":25,"points":250,"random":true,"ref_stat":"pid2|DistractionsClicked","set_id":10,"type":"stat","user_stat":"DestroyDistractionsEasyS8","week_id":1},{"challenge_id":13,"description":"TBD","difficulty":1,"goal":1,"points":0,"random":true,"ref_stat":"TBD","set_id":11,"type":"stat","user_stat":"TBD","week_id":2},{"alt_challenge_id":15,"challenge_id":14,"description":"TBD","difficulty":1,"goal":1,"points":0,"random":true,"ref_stat":"TBD","requirements":[{"condition":"have_hero","hero_id":18}],"set_id":12,"type":"stat","user_stat":"TBD","week_id":2},{"challenge_id":15,"description":"TBD","difficulty":1,"goal":1,"points":0,"random":true,"ref_stat":"TBD","set_id":12,"type":"stat","user_stat":"TBD","week_id":2},{"challenge_id":16,"description":"TBD","difficulty":1,"goal":1,"points":0,"random":true,"ref_stat":"TBD","set_id":12,"type":"stat","user_stat":"TBD","week_id":2},{"challenge_id":17,"description":"TBD","difficulty":1,"goal":1,"points":0,"random":true,"ref_stat":"TBD","set_id":13,"type":"stat","user_stat":"TBD","week_id":2},{"challenge_id":18,"description":"TBD","difficulty":1,"goal":1,"points":0,"random":true,"ref_stat":"TBD","set_id":13,"type":"stat","user_stat":"TBD","week_id":2},{"challenge_id":19,"description":"TBD","difficulty":1,"goal":1,"points":0,"random":true,"ref_stat":"TBD","set_id":13,"type":"stat","user_stat":"TBD","week_id":2},{"challenge_id":20,"description":"TBD","difficulty":1,"goal":1,"points":0,"random":true,"ref_stat":"TBD","set_id":13,"type":"stat","user_stat":"TBD","week_id":2},{"alt_challenge_id":15,"challenge_id":21,"description":"TBD","difficulty":1,"goal":1,"points":0,"random":true,"ref_stat":"TBD","requirements":[{"condition":"have_hero","hero_id":15},{"condition":"have_hero","hero_id":28},{"condition":"have_hero","hero_id":45}],"set_id":12,"type":"stat","user_stat":"TBD","week_id":2},{"alt_challenge_id":15,"challenge_id":22,"description":"TBD","difficulty":1,"goal":1,"points":0,"random":true,"ref_stat":"TBD","requirements":[{"condition":"have_hero","hero_id":14},{"condition":"have_hero","hero_id":28},{"condition":"have_hero","hero_id":50}],"set_id":12,"type":"stat","user_stat":"TBD","week_id":2},{"alt_challenge_id":15,"challenge_id":23,"description":"TBD","difficulty":1,"goal":1,"points":0,"random":true,"ref_stat":"TBD","requirements":[{"condition":"have_hero","hero_id":37},{"condition":"have_hero","hero_id":47}],"set_id":12,"type":"stat","user_stat":"TBD","week_id":2},{"alt_challenge_id":15,"challenge_id":24,"description":"TBD","difficulty":1,"goal":1,"points":0,"random":true,"ref_stat":"TBD","requirements":[{"condition":"have_hero","hero_id":16},{"condition":"have_hero","hero_id":46}],"set_id":12,"type":"stat","user_stat":"TBD","week_id":2},{"alt_challenge_id":15,"challenge_id":25,"description":"TBD","difficulty":1,"goal":1,"points":0,"random":true,"ref_stat":"TBD","requirements":[{"condition":"have_hero","hero_id":18},{"condition":"have_hero","hero_id":20},{"condition":"have_hero","hero_id":25}],"set_id":12,"type":"stat","user_stat":"TBD","week_id":2},{"challenge_id":26,"description":"TBD","difficulty":2,"goal":1,"points":0,"random":true,"ref_stat":"TBD","set_id":1,"type":"stat","user_stat":"TBD","week_id":2},{"challenge_id":27,"description":"TBD","difficulty":2,"goal":1,"points":0,"random":true,"ref_stat":"TBD","set_id":2,"type":"stat","user_stat":"TBD","week_id":2},{"challenge_id":28,"description":"TBD","difficulty":2,"goal":1,"points":0,"random":true,"ref_stat":"TBD","set_id":3,"type":"stat","user_stat":"TBD","week_id":2},{"challenge_id":29,"description":"TBD","difficulty":2,"goal":1,"points":0,"random":true,"ref_stat":"TBD","set_id":4,"type":"stat","user_stat":"TBD","week_id":2},{"challenge_id":30,"description":"TBD","difficulty":2,"goal":1,"points":0,"random":true,"ref_stat":"TBD","set_id":5,"type":"stat","user_stat":"TBD","week_id":2},{"challenge_id":31,"description":"TBD","difficulty":2,"goal":1,"points":0,"random":true,"ref_stat":"TBD","set_id":6,"type":"stat","user_stat":"TBD","week_id":2},{"challenge_id":32,"description":"TBD","difficulty":2,"goal":1,"points":0,"random":true,"ref_stat":"TBD","set_id":7,"type":"stat","user_stat":"TBD","week_id":2},{"challenge_id":33,"description":"TBD","difficulty":2,"goal":1,"points":0,"random":true,"ref_stat":"TBD","set_id":7,"type":"stat","user_stat":"TBD","week_id":2},{"challenge_id":34,"description":"TBD","difficulty":2,"goal":1,"points":0,"random":true,"ref_stat":"TBD","set_id":7,"type":"stat","user_stat":"TBD","week_id":2},{"challenge_id":35,"description":"TBD","difficulty":2,"goal":1,"points":0,"random":true,"ref_stat":"TBD","set_id":8,"type":"stat","user_stat":"TBD","week_id":2},{"challenge_id":36,"description":"TBD","difficulty":2,"goal":1,"points":0,"random":true,"ref_stat":"TBD","set_id":9,"type":"stat","user_stat":"TBD","week_id":2},{"challenge_id":37,"description":"TBD","difficulty":2,"goal":1,"points":0,"random":true,"ref_stat":"TBD","set_id":10,"type":"stat","user_stat":"TBD","week_id":2},{"challenge_id":38,"description":"Collect 250 gems from boss loot bags during any Vajra variants or free plays","difficulty":2,"goal":250,"points":500,"random":true,"ref_stat":"pid2|BossGemsCollected","set_id":11,"type":"stat","user_stat":"CollectGemsMediumS8","week_id":1},{"alt_challenge_id":40,"challenge_id":39,"description":"TBD","difficulty":2,"goal":1,"points":0,"random":true,"ref_stat":"TBD","requirements":[{"condition":"have_hero","hero_id":18}],"set_id":12,"type":"stat","user_stat":"TBD","week_id":2},{"challenge_id":40,"description":"TBD","difficulty":2,"goal":1,"points":0,"random":true,"ref_stat":"TBD","set_id":12,"type":"stat","user_stat":"TBD","week_id":2},{"challenge_id":41,"description":"TBD","difficulty":2,"goal":1,"points":0,"random":true,"ref_stat":"TBD","set_id":12,"type":"stat","user_stat":"TBD","week_id":2},{"challenge_id":42,"description":"TBD","difficulty":2,"goal":1,"points":0,"random":true,"ref_stat":"TBD","set_id":13,"type":"stat","user_stat":"TBD","week_id":2},{"challenge_id":43,"description":"TBD","difficulty":2,"goal":1,"points":0,"random":true,"ref_stat":"TBD","set_id":13,"type":"stat","user_stat":"TBD","week_id":2},{"challenge_id":44,"description":"Complete 500 areas WITHOUT any Healing Champions in your formation in any Vajra variants or free plays","difficulty":2,"goal":500,"points":500,"random":true,"ref_stat":"pid2|AreasWithoutTagsInFormation,healing","set_id":13,"type":"stat","user_stat":"NoHealingMediumS8","week_id":1},{"challenge_id":45,"description":"TBD","difficulty":2,"goal":1,"points":0,"random":true,"ref_stat":"TBD","set_id":13,"type":"stat","user_stat":"TBD","week_id":2},{"alt_challenge_id":40,"challenge_id":46,"description":"TBD","difficulty":2,"goal":1,"points":0,"random":true,"ref_stat":"TBD","requirements":[{"condition":"have_hero","hero_id":15},{"condition":"have_hero","hero_id":28},{"condition":"have_hero","hero_id":45}],"set_id":12,"type":"stat","user_stat":"TBD","week_id":2},{"alt_challenge_id":40,"challenge_id":47,"description":"Complete 500 areas with Stoki, Deekin, and Pwent in your formation in any Vajra variants or free plays","difficulty":2,"goal":500,"points":500,"random":true,"ref_stat":"pid2|AreasWithChampionsInFormationTogether,14,28,50","requirements":[{"condition":"have_hero","hero_id":14},{"condition":"have_hero","hero_id":28},{"condition":"have_hero","hero_id":50}],"set_id":12,"type":"stat","user_stat":"Champions5MediumS8","week_id":1},{"alt_challenge_id":40,"challenge_id":48,"description":"TBD","difficulty":2,"goal":1,"points":0,"random":true,"ref_stat":"TBD","requirements":[{"condition":"have_hero","hero_id":37},{"condition":"have_hero","hero_id":47}],"set_id":12,"type":"stat","user_stat":"TBD","week_id":2},{"alt_challenge_id":40,"challenge_id":49,"description":"TBD","difficulty":2,"goal":1,"points":0,"random":true,"ref_stat":"TBD","requirements":[{"condition":"have_hero","hero_id":16},{"condition":"have_hero","hero_id":46}],"set_id":12,"type":"stat","user_stat":"TBD","week_id":2},{"alt_challenge_id":40,"challenge_id":50,"description":"TBD","difficulty":2,"goal":1,"points":0,"random":true,"ref_stat":"TBD","requirements":[{"condition":"have_hero","hero_id":18},{"condition":"have_hero","hero_id":20},{"condition":"have_hero","hero_id":25}],"set_id":12,"type":"stat","user_stat":"TBD","week_id":2},{"challenge_id":51,"description":"TBD","difficulty":2,"goal":1,"points":0,"random":true,"ref_stat":"TBD","set_id":14,"type":"stat","user_stat":"TBD","week_id":2},{"challenge_id":52,"description":"TBD","difficulty":2,"goal":1,"points":0,"random":true,"ref_stat":"TBD","set_id":14,"type":"stat","user_stat":"TBD","week_id":2},{"challenge_id":53,"description":"Reset any Vajra variant or free play in area 250+ with Arkhan as your highest total damage dealing, excluding ultimates (currently: $HIGHEST_BASE_ATTACK_CHAMPION$)","difficulty":2,"goal":1,"points":500,"random":true,"ref_stat":"pid2|ResetAreaHighestDamage250,12","set_id":14,"type":"stat","user_stat":"HighestDamage3S8","week_id":1},{"alt_challenge_id":52,"challenge_id":54,"description":"TBD","difficulty":2,"goal":1,"points":0,"random":true,"ref_stat":"TBD","requirements":[{"condition":"have_hero","hero_id":15}],"set_id":14,"type":"stat","user_stat":"TBD","week_id":2},{"alt_challenge_id":52,"challenge_id":55,"description":"TBD","difficulty":2,"goal":1,"points":0,"random":true,"ref_stat":"TBD","requirements":[{"condition":"have_hero","hero_id":23}],"set_id":14,"type":"stat","user_stat":"TBD","week_id":2},{"alt_challenge_id":52,"challenge_id":56,"description":"TBD","difficulty":2,"goal":1,"points":0,"random":true,"ref_stat":"TBD","requirements":[{"condition":"have_hero","hero_id":33}],"set_id":14,"type":"stat","user_stat":"TBD","week_id":2},{"alt_challenge_id":52,"challenge_id":57,"description":"TBD","difficulty":2,"goal":1,"points":0,"random":true,"ref_stat":"TBD","requirements":[{"condition":"have_hero","hero_id":40}],"set_id":14,"type":"stat","user_stat":"TBD","week_id":2},{"alt_challenge_id":52,"challenge_id":58,"description":"TBD","difficulty":2,"goal":1,"points":0,"random":true,"ref_stat":"TBD","requirements":[{"condition":"have_hero","hero_id":27}],"set_id":14,"type":"stat","user_stat":"TBD","week_id":2},{"challenge_id":59,"description":"TBD","difficulty":2,"goal":1,"points":0,"random":true,"ref_stat":"TBD","set_id":13,"type":"stat","user_stat":"TBD","week_id":2},{"challenge_id":60,"description":"TBD","difficulty":2,"goal":1,"points":0,"random":true,"ref_stat":"TBD","set_id":13,"type":"stat","user_stat":"TBD","week_id":2},{"challenge_id":61,"description":"TBD","difficulty":2,"goal":1,"points":0,"random":true,"ref_stat":"TBD","set_id":13,"type":"stat","user_stat":"TBD","week_id":2},{"challenge_id":62,"description":"Reset 4 Vajra free plays in area 200 or higher","difficulty":3,"goal":4,"points":750,"random":true,"ref_stat":"pid2|ResetFreePlayArea,200","set_id":1,"type":"stat","user_stat":"FreePlaysCompletedHardS8","week_id":1},{"challenge_id":63,"description":"TBD","difficulty":3,"goal":1,"points":0,"random":true,"ref_stat":"TBD","set_id":2,"type":"stat","user_stat":"TBD","week_id":2},{"challenge_id":64,"description":"TBD","difficulty":3,"goal":1,"points":0,"random":true,"ref_stat":"TBD","set_id":3,"type":"stat","user_stat":"TBD","week_id":2},{"challenge_id":65,"description":"TBD","difficulty":3,"goal":1,"points":0,"random":true,"ref_stat":"TBD","set_id":4,"type":"stat","user_stat":"TBD","week_id":2},{"challenge_id":66,"description":"TBD","difficulty":3,"goal":1,"points":0,"random":true,"ref_stat":"TBD","set_id":5,"type":"stat","user_stat":"TBD","week_id":2},{"challenge_id":67,"description":"Defeat 5000 undead enemies in Vajra variants or free plays","difficulty":3,"goal":5000,"points":750,"random":true,"ref_stat":"pid2|UndeadKilled","set_id":6,"type":"stat","user_stat":"DefeatUndeadHardS8","week_id":1},{"challenge_id":68,"description":"TBD","difficulty":3,"goal":1,"points":0,"random":true,"ref_stat":"TBD","set_id":7,"type":"stat","user_stat":"TBD","week_id":2},{"challenge_id":69,"description":"TBD","difficulty":3,"goal":1,"points":0,"random":true,"ref_stat":"TBD","set_id":7,"type":"stat","user_stat":"TBD","week_id":2},{"challenge_id":70,"description":"TBD","difficulty":3,"goal":1,"points":0,"random":true,"ref_stat":"TBD","set_id":7,"type":"stat","user_stat":"TBD","week_id":2},{"challenge_id":71,"description":"TBD","difficulty":3,"goal":1,"points":0,"random":true,"ref_stat":"TBD","set_id":8,"type":"stat","user_stat":"TBD","week_id":2},{"challenge_id":72,"description":"Use 250 ultimate attacks during any Vajra variants or free plays","difficulty":3,"goal":250,"points":750,"random":true,"ref_stat":"pid2|UltimatesUsed","set_id":9,"type":"stat","user_stat":"UseUltimatesHardS8","week_id":1},{"challenge_id":73,"description":"TBD","difficulty":3,"goal":1,"points":0,"random":true,"ref_stat":"TBD","set_id":10,"type":"stat","user_stat":"TBD","week_id":2},{"challenge_id":74,"description":"TBD","difficulty":3,"goal":1,"points":0,"random":true,"ref_stat":"TBD","set_id":11,"type":"stat","user_stat":"TBD","week_id":2},{"alt_challenge_id":76,"challenge_id":75,"description":"TBD","difficulty":3,"goal":1,"points":0,"random":true,"ref_stat":"TBD","requirements":[{"condition":"have_hero","hero_id":18}],"set_id":12,"type":"stat","user_stat":"TBD","week_id":2},{"challenge_id":76,"description":"TBD","difficulty":3,"goal":1,"points":0,"random":true,"ref_stat":"TBD","set_id":12,"type":"stat","user_stat":"TBD","week_id":2},{"challenge_id":77,"description":"TBD","difficulty":3,"goal":1,"points":0,"random":true,"ref_stat":"TBD","set_id":12,"type":"stat","user_stat":"TBD","week_id":2},{"challenge_id":78,"description":"TBD","difficulty":3,"goal":1,"points":0,"random":true,"ref_stat":"TBD","set_id":13,"type":"stat","user_stat":"TBD","week_id":2},{"challenge_id":79,"description":"TBD","difficulty":3,"goal":1,"points":0,"random":true,"ref_stat":"TBD","set_id":13,"type":"stat","user_stat":"TBD","week_id":2},{"challenge_id":80,"description":"TBD","difficulty":3,"goal":1,"points":0,"random":true,"ref_stat":"TBD","set_id":13,"type":"stat","user_stat":"TBD","week_id":2},{"challenge_id":81,"description":"TBD","difficulty":3,"goal":1,"points":0,"random":true,"ref_stat":"TBD","set_id":13,"type":"stat","user_stat":"TBD","week_id":2},{"alt_challenge_id":76,"challenge_id":82,"description":"TBD","difficulty":3,"goal":1,"points":0,"random":true,"ref_stat":"TBD","requirements":[{"condition":"have_hero","hero_id":15},{"condition":"have_hero","hero_id":28},{"condition":"have_hero","hero_id":45}],"set_id":12,"type":"stat","user_stat":"TBD","week_id":2},{"alt_challenge_id":76,"challenge_id":83,"description":"TBD","difficulty":3,"goal":1,"points":0,"random":true,"ref_stat":"TBD","requirements":[{"condition":"have_hero","hero_id":14},{"condition":"have_hero","hero_id":28},{"condition":"have_hero","hero_id":50}],"set_id":12,"type":"stat","user_stat":"TBD","week_id":2},{"alt_challenge_id":76,"challenge_id":84,"description":"TBD","difficulty":3,"goal":1,"points":0,"random":true,"ref_stat":"TBD","requirements":[{"condition":"have_hero","hero_id":37},{"condition":"have_hero","hero_id":47}],"set_id":12,"type":"stat","user_stat":"TBD","week_id":2},{"alt_challenge_id":76,"challenge_id":85,"description":"TBD","difficulty":3,"goal":1,"points":0,"random":true,"ref_stat":"TBD","requirements":[{"condition":"have_hero","hero_id":16},{"condition":"have_hero","hero_id":46}],"set_id":12,"type":"stat","user_stat":"TBD","week_id":2},{"alt_challenge_id":76,"challenge_id":86,"description":"TBD","difficulty":3,"goal":1,"points":0,"random":true,"ref_stat":"TBD","requirements":[{"condition":"have_hero","hero_id":18},{"condition":"have_hero","hero_id":20},{"condition":"have_hero","hero_id":25}],"set_id":12,"type":"stat","user_stat":"TBD","week_id":2},{"challenge_id":87,"description":"TBD","difficulty":3,"goal":1,"points":0,"random":true,"ref_stat":"TBD","set_id":15,"type":"stat","user_stat":"TBD","week_id":2},{"challenge_id":88,"description":"TBD","difficulty":3,"goal":1,"points":0,"random":true,"ref_stat":"TBD","set_id":16,"type":"stat","user_stat":"TBD","week_id":2},{"challenge_id":89,"description":"TBD","difficulty":3,"goal":1,"points":0,"random":true,"ref_stat":"TBD","set_id":17,"type":"stat","user_stat":"TBD","week_id":2}],"patron_challenges":true,"patron_id":2,"random_challenge_count":10,"random_challenge_ids":[2,4,12,38,44,47,53,62,67,72],"random_challenge_initial_date":"2019-10-07 12:00:00","random_challenge_set_duration":"weekly","random_challenges":true,"required_client_version":{"default":262},"weeks":[{"end_seconds":428464,"start_seconds":-176336,"week_id":1},{"end_seconds":514864,"start_seconds":428464,"week_id":2}]},"end_seconds":350002864,"id":3,"name":"Vajra Challenges","start_seconds":-4240736}]