[{"_time":1579561516,"distraction_id":2,"graphic_id":850,"name":"Suspicious Bush (Mountain)","properties":{"chance_of_spawning":20,"clickable_time":3,"deactive_to_active":5},"rewards":[{"max":8,"min":3,"odds":100,"reward":"gold_multiple"},{"max":3,"min":2,"odds":100,"reward":"spawn_monster"}],"type":2},{"_time":1579561516,"distraction_id":5,"graphic_id":847,"name":"Crow (Flying)","properties":{"max_spawn_time":30,"max_speed":400,"min_spawn_time":15,"min_speed":200,"path":1},"rewards":[{"max":15,"max_goobers":5,"min":5,"odds":100,"reward":"gold_multiple"}],"type":1},{"_time":1579561516,"distraction_id":6,"graphic_id":847,"name":"Crow (Flying/Fast)","properties":{"max_spawn_time":90,"max_speed":850,"min_spawn_time":45,"min_speed":600,"path":1},"rewards":[{"max":90,"max_goobers":12,"min":30,"min_goobers":6,"odds":100,"reward":"gold_multiple"}],"type":1},{"_time":1579561516,"distraction_id":8,"graphic_id":663,"name":"Suspicious Rock","properties":{"chance_of_spawning":20,"clickable_time":3,"deactive_to_active":5},"rewards":[{"max":8,"min":3,"odds":100,"reward":"gold_multiple"}],"type":2},{"_time":1579561516,"distraction_id":9,"graphic_id":2729,"name":"Bat (Flying)","properties":{"max_spawn_time":30,"max_speed":400,"min_spawn_time":15,"min_speed":200,"path":1},"rewards":[{"max":15,"max_goobers":5,"min":5,"odds":100,"reward":"gold_multiple"}],"type":1},{"_time":1579561516,"distraction_id":10,"graphic_id":2730,"name":"Crab (Scurrying)","properties":{"max_spawn_time":30,"max_speed":200,"min_spawn_time":15,"min_speed":150,"path":2,"stop_time":100},"rewards":[{"max":15,"max_goobers":5,"min":5,"odds":100,"reward":"gold_multiple"}],"type":1},{"_time":1579556236,"distraction_id":11,"graphic_id":2731,"name":"Crate","properties":{"chance_of_spawning":20,"clickable_time":3,"deactive_to_active":5},"rewards":[{"max":15,"max_goobers":5,"min":5,"odds":100,"reward":"gold_multiple"}],"type":2},{"_time":1579561516,"distraction_id":12,"graphic_id":2732,"name":"Bug (Scurrying)","properties":{"max_spawn_time":30,"max_speed":325,"min_spawn_time":15,"min_speed":225,"path":2,"stop_time":100},"rewards":[{"max":15,"max_goobers":5,"min":5,"odds":100,"reward":"gold_multiple"}],"type":1},{"_time":1579561516,"distraction_id":13,"graphic_id":2733,"name":"Rat (Scurrying)","properties":{"max_spawn_time":30,"max_speed":450,"min_spawn_time":15,"min_speed":300,"path":2,"stop_time":100},"rewards":[{"max":15,"max_goobers":5,"min":5,"odds":100,"reward":"gold_multiple"}],"type":1},{"_time":1579561516,"distraction_id":14,"graphic_id":2734,"name":"Spider Drop","properties":{"chance_of_spawning":20,"clickable_time":3,"deactive_to_active":5,"goober_offset_y":190},"rewards":[{"max":15,"max_goobers":5,"min":5,"odds":100,"reward":"gold_multiple"}],"type":2},{"_time":1579543955,"distraction_id":15,"graphic_id":3649,"name":"Barrel","properties":{"chance_of_spawning":20,"clickable_time":3,"deactive_to_active":5},"rewards":[{"max":15,"max_goobers":5,"min":5,"odds":100,"reward":"gold_multiple"}],"type":2},{"_time":1579543955,"distraction_id":16,"graphic_id":3650,"name":"Snake","properties":{"chance_of_spawning":20,"clickable_time":3,"deactive_to_active":5},"rewards":[{"max":15,"max_goobers":5,"min":5,"odds":100,"reward":"gold_multiple"}],"type":2},{"_time":1579543955,"distraction_id":17,"graphic_id":3651,"name":"Parrot (Flying)","properties":{"max_spawn_time":30,"max_speed":400,"min_spawn_time":15,"min_speed":200,"path":1},"rewards":[{"max":15,"max_goobers":5,"min":5,"odds":100,"reward":"gold_multiple"}],"type":1},{"_time":1579561516,"distraction_id":18,"graphic_id":3652,"name":"Seagull (Flying)","properties":{"max_spawn_time":30,"max_speed":400,"min_spawn_time":15,"min_speed":200,"path":1},"rewards":[{"max":15,"max_goobers":5,"min":5,"odds":100,"reward":"gold_multiple"}],"type":1},{"_time":1571623496,"distraction_id":20,"graphic_id":4199,"name":"Pumpkin 1","properties":{"chance_of_spawning":20,"clickable_time":3,"deactive_to_active":5},"rewards":[{"max":15,"max_goobers":5,"min":5,"odds":100,"reward":"gold_multiple"}],"type":2},{"_time":1571623496,"distraction_id":21,"graphic_id":4200,"name":"Pumpkin 2","properties":{"chance_of_spawning":20,"clickable_time":3,"deactive_to_active":5},"rewards":[{"max":15,"max_goobers":5,"min":5,"odds":100,"reward":"gold_multiple"}],"type":2},{"_time":1579390136,"distraction_id":22,"graphic_id":4520,"name":"Snowman","properties":{"chance_of_spawning":20,"clickable_time":3,"deactive_to_active":5},"rewards":[{"max":15,"max_goobers":5,"min":5,"odds":100,"reward":"gold_multiple"}],"type":2},{"_time":1579390136,"distraction_id":23,"graphic_id":4519,"name":"Snow Rat (Scurrying)","properties":{"max_spawn_time":30,"max_speed":450,"min_spawn_time":15,"min_speed":300,"path":2,"stop_time":100},"rewards":[{"max":15,"max_goobers":5,"min":5,"odds":100,"reward":"gold_multiple"}],"type":1}]