[{"_time":1570473331,"active":true,"analytics_name":"Highharvestide","description":"Highharvestide is upon us again. The autumn harvest is marked by feasting and thanks, but this year finds some bandits causing trouble on a few farms near Triboar. Gather your party and put an end to the foolish incursion, and recruit a new Champion or two while you do it.","details":{"campaign_id":3,"console_tab_graphic":4059,"event_token":{"graphic_id":1089,"mini_graphic_id":1091,"name":"Harvest Basket","name_plural":"Harvest Baskets","win_every":30,"win_range":30},"freeplay_cost_desc":"Free Play costs between 500 and 2500 Harvest Baskets to start","initialize_actions":[{"action":"set_adventure_completed","adventure_id":23,"requirements":[{"condition":"have_hero","hero_id":14}]},{"action":"set_adventure_completed","adventure_id":256,"requirements":[{"condition":"have_hero","hero_id":33}]},{"action":"set_adventure_completed","adventure_id":438,"requirements":[{"condition":"have_hero","hero_id":50}]},{"action":"unlock_year","year":3}],"notification_background":1093,"notification_type":"event","required_client_version":259,"summary_tab_graphic":1156,"tab_glow_graphic":1161,"title_graphic":1088,"years":[{"achievement_ids":[110,111,112,113],"adventure_ids":[23,24,25,26],"chest_ids":[3,4],"equipment_to_display":[316,320,324,328],"hero_achievement_ids":[114],"hero_ids":[14],"payers_get_at_end":[{"crusader_id":14,"reward":"claim_crusader"}],"premium_chest_type_id":4,"shop_desc":"Each Gold Stoki Chest contains five cards, two of which are guaranteed to be gear for Stoki (at least one of which will be rare or better)","specializations_to_display":[428,429],"tab_graphics":[4147,1155],"upgrades_to_display":[{"description":"Stoki infuses enemies she attacks with Marks of Ki, buffing the party and empowering her other abilities.","graphic_id":1158,"name":"Ki Strike"},{"description":"Champions adjacent to Stoki who defeat enemies cause them to drop additional gold based on the total number of active Marks of Ki.","graphic_id":1157,"name":"Golden Palm"}]},{"achievement_ids":[196,197,198,199],"adventure_ids":[256,257,258,259],"chest_ids":[71,72],"equipment_to_display":[772,776,780,784],"hero_achievement_ids":[200],"hero_ids":[33],"payers_get_at_end":[{"crusader_id":33,"reward":"claim_crusader"}],"premium_chest_type_id":72,"shop_desc":"Each Gold Farideh Chest contains five cards, two of which are guaranteed to be gear for Farideh (at least one of which will be rare or better)","specializations_to_display":[1550,1551],"tab_graphics":[4148,4106],"upgrades_to_display":[{"description":"Enemies that strike Farideh (can be expanded to allies via upgrades and specializations) take instant damage based on Farideh's DPS.","graphic_id":4094,"name":"Hellish Rebuke"},{"description":"Increase the damage of Farideh for each Tiefling in the formation.","graphic_id":4098,"name":"Pact Family"}]},{"achievement_ids":[322,323,324,325],"adventure_ids":[438,439,440,441],"chest_ids":[158,159],"equipment_to_display":[1180,1184,1188,1192],"hero_achievement_ids":[326],"hero_ids":[50],"payers_get_at_end":[{"crusader_id":50,"reward":"claim_crusader"}],"premium_chest_type_id":159,"shop_desc":"Each Gold Pwent Chest contains five cards, two of which are guaranteed to be gear for Pwent (at least one of which will be rare or better)","specializations_to_display":[3035,3036],"tab_graphics":[4149,6368],"upgrades_to_display":[{"description":"Whenever an enemy affected by Pwent's bleed is killed, he increases the damage of the formation. The faster enemies are killed, the higher the average effect.","graphic_id":6352,"name":"Count 'Em Off"},{"description":"Pwent is not the cleanest dwarf. He slows the attacks of those around him, but increases the amount of damage those slowed Champions do.","graphic_id":6356,"name":"Can You SMELL That?"}]}]},"end_purchases_in":176022,"ends_in":3222,"event_id":1,"event_instance":2,"name":"Highharvestide","next_year_unlock_cost":[{"amount":6,"cost":"time_gate_key_fragments"}],"total_duration":1036800},{"_time":1574049707,"active":true,"analytics_name":"Feast of the Moon","description":"Also called Moonfest in cities and the South, this holiday celebrates ancestors and the honored dead. It is a day when many folk gather to tell stories and legends about the dead, especially their ancestors. Graves are blessed (in part to prevent undead rising from them), and families perform the Ritual of Remembrance. Your champions are taking this day to pay their respects at a nearby crypt full of locally admired heroes of old.","details":{"campaign_id":5,"console_tab_graphic":4053,"event_token":{"graphic_id":1458,"mini_graphic_id":1460,"name":"Skull","name_plural":"Skulls","win_every":25,"win_range":10},"freeplay_cost_desc":"Free Play costs between 500 and 2500 Skulls to start","initialize_actions":[{"action":"set_adventure_completed","adventure_id":49,"requirements":[{"condition":"have_hero","hero_id":16}]},{"action":"set_adventure_completed","adventure_id":288,"requirements":[{"condition":"have_hero","hero_id":35}]},{"action":"set_adventure_completed","adventure_id":448,"requirements":[{"condition":"have_hero","hero_id":52}]},{"action":"unlock_year","year":1},{"action":"unlock_year","year":2},{"action":"unlock_year","year":3}],"notification_background":1467,"notification_type":"event","required_client_version":268,"summary_tab_graphic":1481,"tab_glow_graphic":1161,"title_graphic":1457,"years":[{"achievement_ids":[120,121,122,123],"adventure_ids":[49,50,51,52],"chest_ids":[7,8],"equipment_to_display":[364,368,372,376],"hero_achievement_ids":[124],"hero_ids":[16],"payers_get_at_end":[{"crusader_id":16,"reward":"claim_crusader"}],"premium_chest_type_id":8,"shop_desc":"Each Gold Gromma Chest contains five cards, two of which are guaranteed to be gear for Gromma (at least one of which will be rare or better)","specializations_to_display":[552,553],"tab_graphics":[4376,1480],"upgrades_to_display":[{"description":"Gromma has a hardened shell, reducing the damage she takes from all sources by 25%.","graphic_id":1482,"name":"Hardened Shell"},{"description":"Gromma increases the damage of all heroes proportional to their age. The younger they are, the greater the effect.","graphic_id":1483,"name":"Grandmotherly Love"}]},{"achievement_ids":[206,207,208,209],"adventure_ids":[288,289,290,291],"chest_ids":[75,76],"equipment_to_display":[820,824,828,832],"hero_achievement_ids":[210],"hero_ids":[35],"payers_get_at_end":[{"crusader_id":35,"reward":"claim_crusader"}],"premium_chest_type_id":76,"shop_desc":"Each Gold Vlahnya Chest contains five cards, two of which are guaranteed to be gear for Vlahnya (at least one of which will be rare or better)","specializations_to_display":[1658,1659],"tab_graphics":[4377,4370],"upgrades_to_display":[{"description":"Vlahnya increases the damage of champions ahead of her based on the performance of those champions.","graphic_id":4360,"name":"Enthralling Performance"},{"description":"Vlahnya's Mage Hand attack now stuns enemies. It can't stun the same enemy twice in 15 seconds.","graphic_id":4362,"name":"Witch Slap"}]},{"achievement_ids":[332,333,334,335],"adventure_ids":[448,449,450,451],"chest_ids":[162,163],"equipment_to_display":[1228,1232,1236,1240],"hero_achievement_ids":[336],"hero_ids":[52],"payers_get_at_end":[{"crusader_id":52,"reward":"claim_crusader"}],"premium_chest_type_id":163,"shop_desc":"Each Gold Sentry Chest contains five cards, two of which are guaranteed to be gear for Sentry (at least one of which will be rare or better)","specializations_to_display":[3145,3146],"tab_graphics":[4378,6633],"upgrades_to_display":[{"description":"Sentry buffs Champions within two slots of herself as long as she's in the front column of the formation.","graphic_id":6624,"name":"Guardian of Solwynn"},{"description":"Sentry's companion, Echo, buffs the party in unique ways depending on its combat status throughout each area.","graphic_id":6626,"name":"Create Echo"}]}]},"end_purchases_in":230540,"ends_in":57740,"event_id":3,"event_instance":2,"name":"Feast of the Moon","next_year_unlock_cost":[{"amount":6,"cost":"time_gate_key_fragments"}],"total_duration":1039500},{"_time":1575862106,"active":true,"analytics_name":"Simril","description":"Simril is ruined! Someone or something has been pillaging the food stores of farms, inns, and other residence on the outskirts of Luskan, leaving very little leftover for the feast of Simril, let alone the long, cold winter to follow. Your party has been hired to hunt down this ruiner-of-holidays and recover the stolen sustenance.","details":{"campaign_id":6,"console_tab_graphic":4064,"event_token":{"graphic_id":1652,"mini_graphic_id":1654,"name":"Candle","name_plural":"Candles","win_every":25,"win_range":10},"freeplay_cost_desc":"Free Play costs between 500 and 2500 Candles to start","initialize_actions":[{"action":"set_adventure_completed","adventure_id":64,"requirements":[{"condition":"have_hero","hero_id":17}]},{"action":"set_adventure_completed","adventure_id":293,"requirements":[{"condition":"have_hero","hero_id":36}]},{"action":"set_adventure_completed","adventure_id":453,"requirements":[{"condition":"have_hero","hero_id":53}]},{"action":"unlock_year","year":1},{"action":"unlock_year","year":2},{"action":"unlock_year","year":3}],"notification_background":1661,"notification_type":"event","required_client_version":273,"summary_tab_graphic":1676,"tab_glow_graphic":1161,"title_graphic":1651,"years":[{"achievement_ids":[125,126,127,128],"adventure_ids":[64,65,66,67],"chest_ids":[9,10],"equipment_to_display":[388,392,396,400],"hero_achievement_ids":[129],"hero_ids":[17],"payers_get_at_end":[{"crusader_id":17,"reward":"claim_crusader"}],"premium_chest_type_id":10,"shop_desc":"Each Gold Dhadius Chest contains five cards, two of which are guaranteed to be gear for Dhadius (at least one of which will be rare or better)","specializations_to_display":[598,599],"tab_graphics":[4552,1675],"upgrades_to_display":[{"description":"Dhadius casts a Skill Empowerment spell but rolls poorly, allowing nearby Champions to also increase their damage if they have an intelligence stat of 14 or higher","graphic_id":1677,"name":"Skill Empowerment"},{"description":"Dhadius increases the damage of each successive orb of the same element by 50%","graphic_id":1678,"name":"Practice Makes Perfect"}]},{"achievement_ids":[217,218,219,220],"adventure_ids":[293,294,295,296],"chest_ids":[81,82],"equipment_to_display":[844,848,852,856],"hero_achievement_ids":[221],"hero_ids":[36],"payers_get_at_end":[{"crusader_id":36,"reward":"claim_crusader"}],"premium_chest_type_id":82,"shop_desc":"Each Gold Warden Chest contains five cards, two of which are guaranteed to be gear for Warden (at least one of which will be rare or better)","specializations_to_display":[1899,1900],"tab_graphics":[4553,4507],"upgrades_to_display":[{"description":"Warden causes enemies they attack to take extra damage from all sources.","graphic_id":4508,"name":"Hex"},{"description":"Enemies that die while affected by Hex spread it to nearby enemies.","graphic_id":4509,"name":"Master of Hexes"}]},{"achievement_ids":[337,338,339,340],"adventure_ids":[453,454,455,456],"chest_ids":[164,165],"equipment_to_display":[1252,1256,1260,1264],"hero_achievement_ids":[341],"hero_ids":[53],"payers_get_at_end":[{"crusader_id":53,"reward":"claim_crusader"}],"premium_chest_type_id":165,"shop_desc":"Each Gold Krull Chest contains five cards, two of which are guaranteed to be gear for Krull (at least one of which will be rare or better)","specializations_to_display":[3214,3215],"tab_graphics":[4554,6810],"upgrades_to_display":[{"description":"Krull plagues enemies as they spawn, debuffing them in various ways.","graphic_id":6791,"name":"Draconic Plague"},{"description":"Krull greatly increases the damage of all evil champions, but by less if there are any do-gooders around.","graphic_id":6790,"name":"Arkhan's Army"}]}]},"end_purchases_in":232467,"ends_in":59667,"event_id":4,"event_instance":2,"name":"Simril","next_year_unlock_cost":[{"amount":6,"cost":"time_gate_key_fragments"}],"total_duration":1036800},{"_time":1577677026,"active":true,"analytics_name":"Wintershield","description":"It's considered lucky to possess and examine a map on Wintershield, and on the last night before Hammer 1st, folk get out their maps and put them up in the wee hours. Sales of such things (however inaccurate, irrelevant, or sketchy) tend to be brisk in the tenday preceding this day. Some folk, particularly in Amn, Waterdeep, Sembia, and Chessenta, believe that this \"favor of the gods\" comes not from hauling out old maps to consult, but by purchasing a new map every year and examining both it and older ones.  ","details":{"campaign_id":7,"console_tab_graphic":4065,"event_token":{"graphic_id":1877,"mini_graphic_id":1879,"name":"Snowflakes","name_plural":"Snowflakes","win_every":25,"win_range":10},"freeplay_cost_desc":"Free Play costs between 500 and 2500 Snowflakes to start","initialize_actions":[{"action":"set_adventure_completed","adventure_id":84,"requirements":[{"condition":"have_hero","hero_id":19}]},{"action":"set_adventure_completed","adventure_id":298,"requirements":[{"condition":"have_hero","hero_id":37}]},{"action":"set_adventure_completed","adventure_id":458,"requirements":[{"condition":"have_hero","hero_id":54}]},{"action":"unlock_year","year":1},{"action":"unlock_year","year":2},{"action":"unlock_year","year":3}],"notification_background":1886,"notification_type":"event","required_client_version":278,"summary_tab_graphic":1881,"tab_glow_graphic":1161,"title_graphic":1873,"years":[{"achievement_ids":[130,131,132,133],"adventure_ids":[84,85,86,87],"chest_ids":[11,12],"equipment_to_display":[436,440,444,448],"hero_achievement_ids":[134],"hero_ids":[19],"payers_get_at_end":[{"crusader_id":19,"reward":"claim_crusader"}],"premium_chest_type_id":12,"shop_desc":"Each Gold Barrowin Chest contains five cards, two of which are guaranteed to be gear for Barrowin (at least one of which will be rare or better)","specializations_to_display":[643,644],"tab_graphics":[4585,1882],"upgrades_to_display":[{"description":"Barrowin causes adjacent Champions to do additional damage whenever she attacks.","graphic_id":1867,"name":"Blessed Hammer"},{"description":"Barrowin heals Champions in the same column as her whenever she attacks.","graphic_id":1868,"name":"Healing Word"}]},{"achievement_ids":[222,223,224,225],"adventure_ids":[298,299,300,301],"chest_ids":[83,84],"equipment_to_display":[868,872,876,880],"hero_achievement_ids":[226],"hero_ids":[37],"payers_get_at_end":[{"crusader_id":37,"reward":"claim_crusader"}],"premium_chest_type_id":84,"shop_desc":"Each Gold Nerys Chest contains five cards, two of which are guaranteed to be gear for Nerys (at least one of which will be rare or better)","specializations_to_display":[1946,1945],"tab_graphics":[4586,4580],"upgrades_to_display":[{"description":"Nerys summons a Spiritual Weapon which attacks when she does. This is later upgraded to follow her most damaging companion instead, attacking when they do.","graphic_id":4581,"name":"Spiritual Weapon"},{"description":"Nerys heals her most damaged companion whenever an enemy is killed. This can be upgraded to also heal when an enemy is reduced below 50% health.","graphic_id":4583,"name":"War Healing"}]},{"achievement_ids":[342,343,344,345],"adventure_ids":[458,459,460,461],"chest_ids":[166,167],"equipment_to_display":[1276,1280,1284,1288],"hero_achievement_ids":[346],"hero_ids":[54],"payers_get_at_end":[{"crusader_id":54,"reward":"claim_crusader"}],"premium_chest_type_id":167,"shop_desc":"Each Gold Artemis Chest contains five cards, two of which are guaranteed to be gear for Artemis (at least one of which will be rare or better)","specializations_to_display":[3269,3270],"tab_graphics":[4587,6959],"upgrades_to_display":[{"description":"Artemis observes and duplicates a portion of formational abilities affecting other DPS Champions in the formation. You'll need a unique formation to take advantage of this.","graphic_id":6950,"name":"Observance"},{"description":"Artemis' power increases over time as he gets kills; this power gets unleashed randomly when he attacks.","graphic_id":6949,"name":"Jeweled Power"}]}]},"end_purchases_in":231774,"ends_in":58974,"event_id":5,"event_instance":2,"name":"Wintershield","next_year_unlock_cost":[{"amount":6,"cost":"time_gate_key_fragments"}],"total_duration":1036800},{"_time":1579543955,"active":true,"analytics_name":"Midwinter","description":"It's Deadwinter Day in Longsaddle. While most folks are warm in their homes exchanging gifts and celebrating the midpoint of winter with friends and family, your party has been tasked by the infamous Harpells with patrolling the outskirts of town to protect against ne'er-do-wells.","details":{"campaign_id":8,"console_tab_graphic":4062,"event_token":{"graphic_id":2007,"mini_graphic_id":2009,"name":"Giftbox","name_plural":"Giftboxes","win_every":25,"win_range":10},"exclude_network_ids":[],"freeplay_cost_desc":"Free Play costs between 500 and 2500 Giftboxes to start","initialize_actions":[{"action":"set_adventure_completed","adventure_id":89,"requirements":[{"condition":"have_hero","hero_id":20}]},{"action":"set_adventure_completed","adventure_id":303,"requirements":[{"condition":"have_hero","hero_id":38}]},{"action":"set_adventure_completed","adventure_id":463,"requirements":[{"condition":"have_hero","hero_id":55}]},{"action":"unlock_year","year":1},{"action":"unlock_year","year":2},{"action":"unlock_year","year":3}],"notification_background":2015,"notification_type":"event","required_client_version":{"13":278,"14":278,"default":279},"summary_tab_graphic":2011,"tab_glow_graphic":1161,"title_graphic":2004,"years":[{"achievement_ids":[135,136,137,138],"adventure_ids":[89,90,91,92],"chest_ids":[16,17],"equipment_to_display":[460,464,468,472],"hero_achievement_ids":[139],"hero_ids":[20],"payers_get_at_end":[{"crusader_id":20,"reward":"claim_crusader"}],"premium_chest_type_id":17,"shop_desc":"Each Gold Regis Chest contains five cards, two of which are guaranteed to be gear for Regis (at least one of which will be rare or better)","specializations_to_display":[695,696],"tab_graphics":[4752,2012],"upgrades_to_display":[{"description":"Regis causes nearby Champions to do increased damage. You choose which Champions are affected with a Specialization choice.","graphic_id":2027,"name":"Ruby Encouragement"},{"description":"Regis causes enemies to take additional damage from a certain attack type. You choose which type with a Specialization choice.","graphic_id":2028,"name":"Ruby Weakness"}]},{"achievement_ids":[227,228,229,230],"adventure_ids":[303,304,305,306],"chest_ids":[85,86],"equipment_to_display":[892,896,900,904],"hero_achievement_ids":[231],"hero_ids":[38],"payers_get_at_end":[{"crusader_id":38,"reward":"claim_crusader"}],"premium_chest_type_id":86,"shop_desc":"Each Gold K'thriss Chest contains five cards, two of which are guaranteed to be gear for K'thriss (at least one of which will be rare or better)","specializations_to_display":[1983,1984],"tab_graphics":[4753,4751],"upgrades_to_display":[{"description":"K'thriss buffs everyone's damage and collects a portion of the formations gold earnings to summon a helpful Shadow Demon.","graphic_id":4784,"name":"Hoardsperson"},{"description":"K'thriss buffs the damage of those farthest from him in the formation.","graphic_id":4785,"name":"Unseen Encouragement"}]},{"achievement_ids":[347,348,349,350],"adventure_ids":[463,464,465,466],"chest_ids":[168,169],"equipment_to_display":[1300,1304,1308,1312],"hero_achievement_ids":[351],"hero_ids":[55],"payers_get_at_end":[{"crusader_id":55,"reward":"claim_crusader"}],"premium_chest_type_id":169,"shop_desc":"Each Gold Môrgæn Chest contains five cards, two of which are guaranteed to be gear for Môrgæn (at least one of which will be rare or better)","specializations_to_display":[3335,3337],"tab_graphics":[4754,7018],"upgrades_to_display":[{"description":"Môrgæn collects a portion of the gold dropped by monsters but then buffs the formation partially based on the gold collected.","graphic_id":6999,"name":"Paid Up-Front"},{"description":"Môrgæn loves adventuring with Gold Finding Champions (because who doesn't).","graphic_id":6998,"name":"Friends In Wealth"}]}]},"end_purchases_in":179246,"ends_in":6446,"event_id":9,"event_instance":2,"name":"Midwinter","next_year_unlock_cost":[{"amount":6,"cost":"time_gate_key_fragments"}],"total_duration":1036800},{"_time":1568320361,"active":true,"analytics_name":"Brightswords","description":"Brightswords is celebrated with a day when guards and soldiers parade in glittering armor, give demonstrations of martial skill (archery and bombardment are popular) or stage mock battles, and persons desiring to join their ranks are given chances to demonstrate their prowess (usually with wooden practise weapons, in contests against veteran soldiers).","details":{"campaign_id":21,"console_tab_graphic":4050,"event_token":{"graphic_id":3929,"mini_graphic_id":3939,"name":"Owlbear Feather","name_plural":"Owlbear Feathers","win_every":30,"win_range":30},"exclude_network_ids":[],"freeplay_cost_desc":"Free Play costs between 500 and 2500 Owlbear Feathers to start","initialize_actions":[{"action":"set_adventure_completed","adventure_id":240,"requirements":[{"condition":"have_hero","hero_id":32}]},{"action":"set_adventure_completed","adventure_id":358,"requirements":[{"condition":"have_hero","hero_id":49}]}],"notification_background":3947,"notification_type":"event","required_client_version":{"default":251},"summary_tab_graphic":3941,"tab_glow_graphic":1161,"title_graphic":3926,"years":[{"achievement_ids":[191,192,193,194],"adventure_ids":[240,241,242,243],"chest_ids":[67,68],"equipment_to_display":[748,752,756,760],"hero_achievement_ids":[195],"hero_ids":[32],"payers_get_at_end":[{"crusader_id":32,"reward":"claim_crusader"}],"premium_chest_type_id":68,"shop_desc":"Each Gold Wulfgar Chest contains five cards, two of which are guaranteed to be gear for Wulfgar (at least one of which will be rare or better)","specializations_to_display":[1512,1513],"tab_graphics":[6271,3942],"upgrades_to_display":[{"description":"Wulfgar increases the party's damage when he stuns 3 or more enemies at once.","graphic_id":5883,"name":"Clangeddin's Will"},{"description":"Wulfgar increases the party's damage against armored enemies if he doesn't manage to make a dent in one himself.","graphic_id":3937,"name":"Smash 'n Grab"}]},{"achievement_ids":[282,283,284,285],"adventure_ids":[358,359,360,361],"chest_ids":[107,108],"equipment_to_display":[1156,1160,1164,1168],"hero_achievement_ids":[286],"hero_ids":[49],"payers_get_at_end":[{"crusader_id":49,"reward":"claim_crusader"}],"premium_chest_type_id":108,"shop_desc":"Each Gold Turiel Chest contains five cards, two of which are guaranteed to be gear for Turiel (at least one of which will be rare or better)","specializations_to_display":[2950,2951],"tab_graphics":[6272,6260],"upgrades_to_display":[{"description":"Turiel increases the damage of Champions in the formation behind him, increasing for each column farther back","graphic_id":6267,"name":"Embodiment of the Law"},{"description":"After Turiel attacks, all other Champions deal additional damage on their next attack based on their CON score","graphic_id":6270,"name":"Voice of Authority"}]}]},"end_purchases_in":1204606,"ends_in":1031806,"event_id":49,"event_instance":1,"name":"Brightswords","total_duration":1036800},{"_time":1569218344,"active":true,"analytics_name":"Lucky Weekend","description":"[Not Shown In Game For Mini Events]","details":{"allow_premium_chest_purchase":true,"buff_id":1639,"chest_ids":[192],"console_tab_graphic":6454,"effects_by_crusader":{"10":["buff_upgrade,200,145"],"13":["buff_upgrade,200,390"],"15":["hero_dps_multiplier_mult,400"],"20":["buff_upgrades,200,697,698,699"],"39":["gold_multiplier_mult,200"]},"golden_epic_loot_id":920,"hero_ids":[20,39,15,13,10],"is_mini_event":true,"notification_background":6436,"notification_type":"gold","premium_chest_type_id":192,"promo_buff_desc":"Using these Champions on the new variants may help your luck!","promo_buff_title":"Lucky Weekend","promo_chest_desc":"Check out these limited-time Gold Lucky Chests that contain equipment for just the five Champions to the left! (Note: only for unlocked Champions - if you do not have Regis, Paultin, Krond, or Hitch unlocked, their gear will not appear in the chests)","promo_header":6435,"shop_desc":"Each Gold Lucky Chest contains five cards, of which two are guaranteed to be equipment for Regis, Paultin, Krond, Hitch, or Tyril (at least one of which will be rare or better; only for unlocked Champions; does not unlock the Champion if you don't already own it)","shop_title_graphic":6435,"skin_id":0,"time_store_available_for_after_event":0},"end_purchases_in":46925,"ends_in":46925,"event_id":104,"event_instance":0,"name":"Lucky Weekend","next_year_unlock_cost":[],"total_duration":259200},{"_time":1570473331,"active":true,"analytics_name":"Dwarven Heroics Weekend","description":"[Not Shown In Game For Mini Events]","details":{"allow_premium_chest_purchase":true,"buff_id":1641,"chest_ids":[194],"console_tab_graphic":6431,"effects_by_crusader":{"1":["buff_upgrade,200,4"],"19":["gold_multiplier_mult,200"],"2":["buff_upgrade,200,24"],"26":["buff_upgrade,200,1076"],"27":["hero_dps_multiplier_mult,400"]},"feat_id":4,"golden_epic_loot_id":0,"hero_ids":[1,2,27,26,19],"is_mini_event":true,"notification_background":6433,"notification_type":"gold","premium_chest_type_id":194,"promo_buff_desc":"Take these dwarves out on an adventure with Pwent! ","promo_buff_title":"Dwarven Heroics Weekend","promo_chest_desc":"Check out these limited-time Gold Heroic Chests that contain equipment for just the five Champions to the left! (Note: only for unlocked Champions - if you do not have Binwin, Evelyn, or Barrowin unlocked, their gear will not appear in the chests)","promo_header":6448,"shop_desc":"Each Gold Heroic Chest contains five cards, of which two are guaranteed to be equipment for Bruenor, Celeste, Binwin, Evelyn, or Barrowin (at least one of which will be rare or better; only for unlocked Champions; does not unlock the Champion if you don't already own it)","shop_title_graphic":6448,"skin_id":0,"time_store_available_for_after_event":0},"end_purchases_in":3222,"ends_in":3222,"event_id":106,"event_instance":0,"name":"Dwarven Heroics Weekend","next_year_unlock_cost":[],"total_duration":259200},{"_time":1570932731,"active":true,"analytics_name":"Baldur's Splat Weekend","description":"[Not Shown In Game For Mini Events]","details":{"allow_premium_chest_purchase":true,"buff_id":1642,"chest_ids":[195],"console_tab_graphic":6425,"effects_by_crusader":{"23":["hero_dps_multiplier_mult,400"],"37":["buff_upgrade,200,1940"],"43":["buff_upgrade,200,2261"],"47":["gold_multiplier_mult,200"],"7":["buff_upgrades,200,109,111,108,112,110"]},"feat_id":0,"golden_epic_loot_id":1020,"hero_ids":[23,43,47,7,37],"is_mini_event":true,"notification_background":6427,"notification_type":"gold","premium_chest_type_id":195,"promo_buff_desc":"The Heroes of Baldur's Gate and friends are buffed for their return to Baldur's Gate! ","promo_buff_title":"Baldur's Splat Weekend","promo_chest_desc":"Check out these limited-time Gold Splattered Chests that contain equipment for just the five Champions to the left! (Note: only for unlocked Champions - if you do not have Strix, Spurt, Shandie, or Nerys unlocked, their gear will not appear in the chests)","promo_header":6426,"shop_desc":"Each Gold Splattered Chest contains five cards, of which two are guaranteed to be equipment for Strix, Spurt, Shandie, Minsc, or Nerys (at least one of which will be rare or better; only for unlocked Champions; does not unlock the Champion if you don't already own it)","shop_title_graphic":6426,"skin_id":0,"time_store_available_for_after_event":0},"end_purchases_in":147008,"ends_in":147008,"event_id":107,"event_instance":0,"name":"Baldur's Splat Weekend","next_year_unlock_cost":[],"total_duration":259200},{"_time":1572897636,"active":true,"analytics_name":"Questing Weekend","description":"[Not Shown In Game For Mini Events]","details":{"allow_premium_chest_purchase":true,"buff_id":1645,"chest_ids":[198],"console_tab_graphic":6686,"effects_by_crusader":{"1":["buff_upgrade,200,4"],"26":["buff_upgrade,200,1076"],"3":["buff_upgrade,200,38"],"32":["global_dps_multiplier_mult,200"],"40":["hero_dps_multiplier_mult,400"]},"feat_id":0,"golden_epic_loot_id":760,"hero_ids":[1,26,3,40,32],"is_mini_event":true,"notification_background":6689,"notification_type":"gold","premium_chest_type_id":198,"promo_buff_desc":"Use these Champions to defeat the Xanathar!","promo_buff_title":"Questing Weekend","promo_chest_desc":"Check out these limited-time Gold Quest-Filled Chests that contain equipment for just the five Champions to the left! (Note: only for unlocked Champions - if you do not have Evelyn, Black Viper, or Wulfgar unlocked, their gear will not appear in the chests)","promo_header":6688,"shop_desc":"Each Gold Quest-Filled Chest contains five cards, of which two are guaranteed to be equipment for Bruenor, Evelyn, Nayeli, Black Viper, or Wulfgar (at least one of which will be rare or better; only for unlocked Champions; does not unlock the Champion if you don't already own it)","shop_title_graphic":6688,"skin_id":0,"time_store_available_for_after_event":0},"end_purchases_in":237,"ends_in":237,"event_id":110,"event_instance":0,"name":"Questing Weekend","next_year_unlock_cost":[],"total_duration":266400},{"_time":1573502219,"active":true,"analytics_name":"Aerois Welcome Weekend","description":"[Not Shown In Game For Mini Events]","details":{"allow_premium_chest_purchase":true,"buff_id":1646,"chest_ids":[199],"console_tab_graphic":6679,"effects_by_crusader":{"11":["hero_dps_multiplier_mult,400"],"28":["gold_multiplier_mult,200"],"42":["buff_upgrade,200,2201"],"44":["global_dps_multiplier_mult,200"],"6":["buff_upgrades,200,91,976,975,90,977,92"]},"feat_id":0,"golden_epic_loot_id":1044,"hero_ids":[28,44,6,42,11],"is_mini_event":true,"notification_background":6681,"notification_type":"gold","premium_chest_type_id":199,"promo_buff_desc":"Welcome Sentry by using the other Heroes of Aerois and their friends this weekend!","promo_buff_title":"Aerois Welcome Weekend","promo_chest_desc":"Check out these limited-time Gold Lowlands Chests that contain equipment for just the five Champions to the left! (Note: only for unlocked Champions - if you do not have Deekin, Qillek, or Aila unlocked, their gear will not appear in the chests)","promo_header":6680,"shop_desc":"Each Gold Lowlands Chest contains five cards, of which two are guaranteed to be equipment for Deekin, Qillek, Asharra, Aila, or Jamilah (at least one of which will be rare or better; only for unlocked Champions; does not unlock the Champion if you don't already own it)","shop_title_graphic":6680,"skin_id":0,"time_store_available_for_after_event":0},"end_purchases_in":372,"ends_in":372,"event_id":111,"event_instance":0,"name":"Aerois Welcome Weekend","next_year_unlock_cost":[],"total_duration":259200},{"_time":1574049707,"active":true,"analytics_name":"Mirror Image Weekend","description":"[Not Shown In Game For Mini Events]","details":{"allow_premium_chest_purchase":true,"buff_id":1647,"chest_ids":[200],"console_tab_graphic":6820,"effects_by_crusader":{"10":["buff_upgrade,200,145"],"2":["buff_upgrade,200,24"],"25":["hero_dps_multiplier_mult,400"],"47":["gold_multiplier_mult,200"],"51":["buff_upgrade,200,3044"]},"feat_id":0,"golden_epic_loot_id":1212,"hero_ids":[2,47,25,10,51],"is_mini_event":true,"notification_background":6822,"notification_type":"gold","premium_chest_type_id":200,"promo_buff_desc":"Use these Champions to help you complete your Feast of the Moon variants!","promo_buff_title":"Mirror Image Weekend","promo_chest_desc":"Check out these limited-time Gold Cloned Chests that contain equipment for just the five Champions to the left! (Note: only for unlocked Champions - if you do not have Shandie, Catti-brie, or Avren unlocked, their gear will not appear in the chests)","promo_header":6821,"shop_desc":"Each Gold Cloned Chest contains five cards, of which two are guaranteed to be equipment for Celeste, Shandie, Catti-brie, Tyril, or Avren (at least one of which will be rare or better; only for unlocked Champions; does not unlock the Champion if you don't already own it)","shop_title_graphic":6821,"skin_id":0,"time_store_available_for_after_event":0},"end_purchases_in":57740,"ends_in":57740,"event_id":112,"event_instance":0,"name":"Mirror Image Weekend","next_year_unlock_cost":[],"total_duration":259200},{"_time":1574655032,"active":true,"analytics_name":"New Recruits Weekend","description":"[Not Shown In Game For Mini Events]","details":{"allow_premium_chest_purchase":true,"buff_id":1648,"chest_ids":[201],"console_tab_graphic":6862,"effects_by_crusader":{"16":["global_dps_multiplier_mult,200"],"34":["buff_upgrade,200,1593"],"35":["gold_multiplier_mult,200"],"5":["buff_upgrade,200,71"],"7":["buff_upgrades,200,109,111,108,112,110"]},"feat_id":0,"golden_epic_loot_id":368,"hero_ids":[16,5,7,34,35],"is_mini_event":true,"notification_background":6864,"notification_type":"gold","premium_chest_type_id":201,"promo_buff_desc":"Use these Champions to help you in your Time Gate adventures!","promo_buff_title":"New Recruits Weekend","promo_chest_desc":"Check out these limited-time Gold Pristine Chests that contain equipment for just the five Champions to the left! (Note: only for unlocked Champions - if you do not have Gromma, Donaar, or Vlahnya unlocked, their gear will not appear in the chests)","promo_header":6863,"shop_desc":"Each Gold Pristine Chest contains five cards, of which two are guaranteed to be equipment for Gromma, Calliope, Minsc, Donaar, or Vlahnya (at least one of which will be rare or better; only for unlocked Champions; does not unlock the Champion if you don't already own it)","shop_title_graphic":6863,"skin_id":0,"time_store_available_for_after_event":0},"end_purchases_in":57074,"ends_in":57074,"event_id":113,"event_instance":0,"name":"New Recruits Weekend","next_year_unlock_cost":[],"total_duration":259200},{"_time":1575246749,"active":true,"analytics_name":"Krull's Allies Weekend","description":"[Not Shown In Game For Mini Events]","details":{"allow_premium_chest_purchase":true,"buff_id":1649,"chest_ids":[202],"console_tab_graphic":6817,"effects_by_crusader":{"12":["hero_dps_multiplier_mult,400"],"21":["buff_upgrade,200,741"],"4":["gold_multiplier_mult,200"],"43":["buff_upgrade,200,2261"],"45":["buff_upgrade,200,2324"]},"feat_id":0,"golden_epic_loot_id":1064,"hero_ids":[45,43,4,21,12],"is_mini_event":true,"notification_background":6819,"notification_type":"gold","premium_chest_type_id":202,"promo_buff_desc":"Use Krull to boost the power of these evil-ish Champions!","promo_buff_title":"Krull's Allies Weekend","promo_chest_desc":"Check out these limited-time Gold Dark Days Chests that contain equipment for just the five Champions to the left! (Note: only for unlocked Champions - if you do not have Korth, Spurt, or Birdsong unlocked, their gear will not appear in the chests)","promo_header":6818,"shop_desc":"Each Gold Dark Days Chest contains five cards, of which two are guaranteed to be equipment for Korth, Spurt, Jarlaxle, Birdsong, or Arkhan (at least one of which will be rare or better; only for unlocked Champions; does not unlock the Champion if you don't already own it)","shop_title_graphic":6818,"skin_id":0,"time_store_available_for_after_event":0},"end_purchases_in":70206,"ends_in":70206,"event_id":114,"event_instance":0,"name":"Krull's Allies Weekend","next_year_unlock_cost":[],"total_duration":259200},{"_time":1575862106,"active":true,"analytics_name":"Set the Trap Weekend","description":"[Not Shown In Game For Mini Events]","details":{"allow_premium_chest_purchase":true,"buff_id":1650,"chest_ids":[203],"console_tab_graphic":6936,"effects_by_crusader":{"13":["buff_upgrade,200,390"],"2":["buff_upgrade,200,24"],"22":["hero_dps_multiplier_mult,400"],"42":["buff_upgrade,200,2201"],"43":["buff_upgrades,200,2261,2263"]},"feat_id":0,"golden_epic_loot_id":992,"hero_ids":[13,2,42,43,22],"is_mini_event":true,"notification_background":6938,"notification_type":"gold","premium_chest_type_id":203,"promo_buff_desc":"Use these Champions to help you in your final Simril adventures this weekend!","promo_buff_title":"Set the Trap Weekend","promo_chest_desc":"Check out these limited-time Gold Dusty Chests that contain equipment for just the five Champions to the left! (Note: only for unlocked Champions - if you do not have Hitch, Aila, Spurt, or Zorbu unlocked, their gear will not appear in the chests)","promo_header":6937,"shop_desc":"Each Gold Dusty Chest contains five cards, of which two are guaranteed to be equipment for Hitch, Celeste, Aila, Spurt, or Zorbu (at least one of which will be rare or better; only for unlocked Champions; does not unlock the Champion if you don't already own it)","shop_title_graphic":6937,"skin_id":0,"time_store_available_for_after_event":0},"end_purchases_in":59667,"ends_in":59667,"event_id":115,"event_instance":0,"name":"Set the Trap Weekend","next_year_unlock_cost":[],"total_duration":259200},{"_time":1576437817,"active":true,"analytics_name":"D&D Streamer Weekend","description":"[Not Shown In Game For Mini Events]","details":{"allow_premium_chest_purchase":true,"buff_id":1651,"chest_ids":[204],"console_tab_graphic":6931,"effects_by_crusader":{"10":["buff_upgrades,200,370,145"],"12":["hero_dps_multiplier_mult,400"],"26":["buff_upgrade,200,1076"],"34":["buff_upgrade,200,1593"],"52":["gold_multiplier_mult,200"]},"feat_id":0,"golden_epic_loot_id":1236,"hero_ids":[10,12,52,34,26],"is_mini_event":true,"notification_background":6933,"notification_type":"gold","premium_chest_type_id":204,"promo_buff_desc":"Use these characters who have been featured on D&D streams to help you in your Time Gate adventures!","promo_buff_title":"D&D Streamer Weekend","promo_chest_desc":"Check out these limited-time Gold Screened Chests that contain equipment for just the five Champions to the left! (Note: only for unlocked Champions - if you do not have Sentry, Donaar, or Evelyn unlocked, their gear will not appear in the chests)","promo_header":6932,"shop_desc":"Each Gold Screened Chest contains five cards, of which two are guaranteed to be equipment for Tyril, Arkhan, Sentry, Donaar, or Evelyn (at least one of which will be rare or better; only for unlocked Champions; does not unlock the Champion if you don't already own it)","shop_title_graphic":6932,"skin_id":0,"time_store_available_for_after_event":0},"end_purchases_in":88915,"ends_in":88915,"event_id":116,"event_instance":0,"name":"D&D Streamer Weekend","next_year_unlock_cost":[],"total_duration":259200},{"_time":1577123727,"active":true,"analytics_name":"Companions of the Hall Weekend","description":"[Not Shown In Game For Mini Events]","details":{"allow_premium_chest_purchase":true,"buff_id":1652,"chest_ids":[69],"console_tab_graphic":6930,"effects_by_crusader":{"1":["buff_upgrade,200,4"],"18":["hero_dps_multiplier_mult,400"],"20":["buff_upgrades,200,696,695"],"25":["buff_upgrade,200,1035"],"32":["gold_multiplier_mult,200"]},"feat_id":0,"golden_epic_loot_id":424,"hero_ids":[1,20,18,25,32],"is_mini_event":true,"notification_background":4067,"notification_type":"gold","premium_chest_type_id":69,"promo_buff_desc":"The Companions of the Hall are boosted this weekend to welcome Artemis into the game!","promo_buff_title":"Companions of the Hall Weekend","promo_chest_desc":"Check out these limited-time Gold Mithral Hall Chests that contain equipment for just the five Champions to the left! (Note: only for unlocked Champions - if you do not have Regis, Drizzt, Catti-brie, or Wulfgar unlocked, their gear will not appear in the chests)","promo_header":4066,"shop_desc":"Each Gold Mithral Hall Chest contains five cards, of which two are guaranteed to be equipment for Bruenor, Regis, Drizzt, Catti-brie, or Wulfgar (at least one of which will be rare or better; only for unlocked Champions; does not unlock the Champion if you don't already own it)","shop_title_graphic":4066,"skin_id":0,"time_store_available_for_after_event":0},"end_purchases_in":7473,"ends_in":7473,"event_id":117,"event_instance":0,"name":"Companions of the Hall Weekend","next_year_unlock_cost":[],"total_duration":259200},{"_time":1577677026,"active":true,"analytics_name":"Hex the Halls Weekend","description":"[Not Shown In Game For Mini Events]","details":{"allow_premium_chest_purchase":true,"buff_id":1653,"chest_ids":[206],"console_tab_graphic":7025,"effects_by_crusader":{"3":["buff_upgrade,200,38"],"36":["hero_dps_multiplier_mult,400"],"40":["gold_multiplier_mult,200"],"42":["buff_upgrade,200,2201"],"5":["buff_upgrade,200,71"]},"feat_id":0,"golden_epic_loot_id":856,"hero_ids":[3,5,36,40,42],"is_mini_event":true,"notification_background":7027,"notification_type":"gold","premium_chest_type_id":206,"promo_buff_desc":"Happy Holidays from all of us at Codename Entertainment.","promo_buff_title":"Hex the Halls Weekend","promo_chest_desc":"Check out these limited-time Gold Hexed Chests that contain equipment for just the five Champions to the left! (Note: only for unlocked Champions - if you do not have Warden, Black Viper, or Aila unlocked, their gear will not appear in the chests)","promo_header":7026,"shop_desc":"Each Gold Hexed Chest contains five cards, of which two are guaranteed to be equipment for Nayeli, Calliope, Warden, Black Viper, or Aila (at least one of which will be rare or better; only for unlocked Champions; does not unlock the Champion if you don't already own it)","shop_title_graphic":7026,"skin_id":0,"time_store_available_for_after_event":0},"end_purchases_in":58974,"ends_in":58974,"event_id":118,"event_instance":0,"name":"Hex the Halls Weekend","next_year_unlock_cost":[],"total_duration":259200},{"_time":1578325671,"active":true,"analytics_name":"Arkhan's Army Weekend","description":"[Not Shown In Game For Mini Events]","details":{"allow_premium_chest_purchase":true,"buff_id":1654,"chest_ids":[207],"console_tab_graphic":7022,"effects_by_crusader":{"17":["buff_upgrade,200,596"],"4":["gold_multiplier_mult,200"],"51":["global_dps_multiplier_mult,200"],"53":["global_dps_multiplier_mult,200"],"9":["buff_upgrades,200,140,139"]},"feat_id":0,"golden_epic_loot_id":1264,"hero_ids":[4,9,53,17,51],"is_mini_event":true,"notification_background":7024,"notification_type":"gold","premium_chest_type_id":207,"promo_buff_desc":"It's almost time to dip into Avernus. Arkhan's Army is boosted & ready! ","promo_buff_title":"Arkhan's Army Weekend","promo_chest_desc":"Check out these limited-time Gold Arkhan's Army Chests that contain equipment for just the five Champions to the left! (Note: only for unlocked Champions - if you do not have Krull, Dhadius, or Avren unlocked, their gear will not appear in the chests)","promo_header":7023,"shop_desc":"Each Gold Arkhan's Army Chest contains five cards, of which two are guaranteed to be equipment for Jarlaxle, Makos, Krull, Dhadius, or Avren (at least one of which will be rare or better; only for unlocked Champions; does not unlock the Champion if you don't already own it)","shop_title_graphic":7023,"skin_id":0,"time_store_available_for_after_event":0},"end_purchases_in":15129,"ends_in":15129,"event_id":119,"event_instance":0,"name":"Arkhan's Army Weekend","next_year_unlock_cost":[],"total_duration":259200},{"_time":1578890817,"active":true,"analytics_name":"Snacky Weekend","description":"[Not Shown In Game For Mini Events]","details":{"allow_premium_chest_purchase":true,"buff_id":1655,"chest_ids":[208],"console_tab_graphic":7031,"effects_by_crusader":{"16":["global_dps_multiplier_mult,200"],"23":["hero_dps_multiplier_mult,400"],"39":["gold_multiplier_mult,200"],"6":["buff_upgrades,200,91,976,975,90,977,92"],"7":["buff_upgrades,200,109,111,108,112,110"]},"feat_id":0,"golden_epic_loot_id":536,"hero_ids":[6,7,23,16,39],"is_mini_event":true,"notification_background":7033,"notification_type":"gold","premium_chest_type_id":208,"promo_buff_desc":"Use these Champions to help you plow through your Midwinter adventures!","promo_buff_title":"Snacky Weekend","promo_chest_desc":"Check out these limited-time Gold Stained Chests that contain equipment for just the five Champions to the left! (Note: only for unlocked Champions - if you do not have Strix, Gromma, or Paultin unlocked, their gear will not appear in the chests)","promo_header":7032,"shop_desc":"Each Gold Stained Chest contains five cards, of which two are guaranteed to be equipment for Asharra, Minsc, Strix, Gromma, or Paultin (at least one of which will be rare or better; only for unlocked Champions; does not unlock the Champion if you don't already own it)","shop_title_graphic":7032,"skin_id":0,"time_store_available_for_after_event":0},"end_purchases_in":54783,"ends_in":54783,"event_id":120,"event_instance":0,"name":"Snacky Weekend","next_year_unlock_cost":[],"total_duration":259200},{"_time":1579543955,"active":true,"analytics_name":"Observant Weekend","description":"[Not Shown In Game For Mini Events]","details":{"allow_premium_chest_purchase":true,"buff_id":1656,"chest_ids":[209],"console_tab_graphic":7319,"effects_by_crusader":{"11":["buff_upgrades,200,2198,238"],"32":["global_dps_multiplier_mult,200"],"37":["buff_upgrade,200,1940"],"4":["buff_upgrades,200,52,2188"],"54":["hero_dps_multiplier_mult,400"]},"feat_id":0,"golden_epic_loot_id":1284,"hero_ids":[4,54,32,11,37],"is_mini_event":true,"notification_background":7321,"notification_type":"gold","premium_chest_type_id":209,"promo_buff_desc":"Use Artemis and his allies this weekend to help you finish your Midwinter variants! ","promo_buff_title":"Observant Weekend","promo_chest_desc":"Check out these limited-time Gold Broken Chests that contain equipment for just the five Champions to the left! (Note: only for unlocked Champions - if you do not have Artemis, Wulfgar, or Nerys unlocked, their gear will not appear in the chests)","promo_header":7320,"shop_desc":"Each Gold Broken Chest contains five cards, of which two are guaranteed to be equipment for Jarlaxle, Artemis, Wulfgar, Jamilah, or Nerys (at least one of which will be rare or better; only for unlocked Champions; does not unlock the Champion if you don't already own it)","shop_title_graphic":7320,"skin_id":0,"time_store_available_for_after_event":0},"end_purchases_in":6446,"ends_in":6446,"event_id":121,"event_instance":0,"name":"Observant Weekend","next_year_unlock_cost":[],"total_duration":259200}]