[{"_time":1574049707,"active":true,"analytics_name":"Feast of the Moon","description":"Also called Moonfest in cities and the South, this holiday celebrates ancestors and the honored dead. It is a day when many folk gather to tell stories and legends about the dead, especially their ancestors. Graves are blessed (in part to prevent undead rising from them), and families perform the Ritual of Remembrance. Your champions are taking this day to pay their respects at a nearby crypt full of locally admired heroes of old.","details":{"campaign_id":5,"console_tab_graphic":4053,"event_token":{"graphic_id":1458,"mini_graphic_id":1460,"name":"Skull","name_plural":"Skulls","win_every":25,"win_range":10},"freeplay_cost_desc":"Free Play costs between 500 and 2500 Skulls to start","initialize_actions":[{"action":"set_adventure_completed","adventure_id":49,"requirements":[{"condition":"have_hero","hero_id":16}]},{"action":"set_adventure_completed","adventure_id":288,"requirements":[{"condition":"have_hero","hero_id":35}]},{"action":"set_adventure_completed","adventure_id":448,"requirements":[{"condition":"have_hero","hero_id":52}]},{"action":"unlock_year","year":1},{"action":"unlock_year","year":2},{"action":"unlock_year","year":3}],"notification_background":1467,"notification_type":"event","required_client_version":268,"summary_tab_graphic":1481,"tab_glow_graphic":1161,"title_graphic":1457,"years":[{"achievement_ids":[120,121,122,123],"adventure_ids":[49,50,51,52],"chest_ids":[7,8],"equipment_to_display":[364,368,372,376],"hero_achievement_ids":[124],"hero_ids":[16],"payers_get_at_end":[{"crusader_id":16,"reward":"claim_crusader"}],"premium_chest_type_id":8,"shop_desc":"Each Gold Gromma Chest contains five cards, two of which are guaranteed to be gear for Gromma (at least one of which will be rare or better)","specializations_to_display":[552,553],"tab_graphics":[4376,1480],"upgrades_to_display":[{"description":"Gromma has a hardened shell, reducing the damage she takes from all sources by 25%.","graphic_id":1482,"name":"Hardened Shell"},{"description":"Gromma increases the damage of all heroes proportional to their age. The younger they are, the greater the effect.","graphic_id":1483,"name":"Grandmotherly Love"}]},{"achievement_ids":[206,207,208,209],"adventure_ids":[288,289,290,291],"chest_ids":[75,76],"equipment_to_display":[820,824,828,832],"hero_achievement_ids":[210],"hero_ids":[35],"payers_get_at_end":[{"crusader_id":35,"reward":"claim_crusader"}],"premium_chest_type_id":76,"shop_desc":"Each Gold Vlahnya Chest contains five cards, two of which are guaranteed to be gear for Vlahnya (at least one of which will be rare or better)","specializations_to_display":[1658,1659],"tab_graphics":[4377,4370],"upgrades_to_display":[{"description":"Vlahnya increases the damage of champions ahead of her based on the performance of those champions.","graphic_id":4360,"name":"Enthralling Performance"},{"description":"Vlahnya's Mage Hand attack now stuns enemies. It can't stun the same enemy twice in 15 seconds.","graphic_id":4362,"name":"Witch Slap"}]},{"achievement_ids":[332,333,334,335],"adventure_ids":[448,449,450,451],"chest_ids":[162,163],"equipment_to_display":[1228,1232,1236,1240],"hero_achievement_ids":[336],"hero_ids":[52],"payers_get_at_end":[{"crusader_id":52,"reward":"claim_crusader"}],"premium_chest_type_id":163,"shop_desc":"Each Gold Sentry Chest contains five cards, two of which are guaranteed to be gear for Sentry (at least one of which will be rare or better)","specializations_to_display":[3145,3146],"tab_graphics":[4378,6633],"upgrades_to_display":[{"description":"Sentry buffs Champions within two slots of herself as long as she's in the front column of the formation.","graphic_id":6624,"name":"Guardian of Solwynn"},{"description":"Sentry's companion, Echo, buffs the party in unique ways depending on its combat status throughout each area.","graphic_id":6626,"name":"Create Echo"}]}]},"end_purchases_in":230540,"ends_in":57740,"event_id":3,"event_instance":2,"name":"Feast of the Moon","next_year_unlock_cost":[{"amount":6,"cost":"time_gate_key_fragments"}],"total_duration":1039500},{"_time":1574888480,"active":true,"analytics_name":"Simril","description":"Simril is ruined! Someone or something has been pillaging the food stores of farms, inns, and other residence on the outskirts of Luskan, leaving very little leftover for the feast of Simril, let alone the long, cold winter to follow. Your party has been hired to hunt down this ruiner-of-holidays and recover the stolen sustenance.","details":{"campaign_id":6,"console_tab_graphic":4064,"event_token":{"graphic_id":1652,"mini_graphic_id":1654,"name":"Candle","name_plural":"Candles","win_every":25,"win_range":10},"freeplay_cost_desc":"Free Play costs between 500 and 2500 Candles to start","initialize_actions":[{"action":"set_adventure_completed","adventure_id":64,"requirements":[{"condition":"have_hero","hero_id":17}]},{"action":"set_adventure_completed","adventure_id":293,"requirements":[{"condition":"have_hero","hero_id":36}]},{"action":"set_adventure_completed","adventure_id":453,"requirements":[{"condition":"have_hero","hero_id":53}]},{"action":"unlock_year","year":1},{"action":"unlock_year","year":2},{"action":"unlock_year","year":3}],"notification_background":1661,"notification_type":"event","required_client_version":273,"summary_tab_graphic":1676,"tab_glow_graphic":1161,"title_graphic":1651,"years":[{"achievement_ids":[125,126,127,128],"adventure_ids":[64,65,66,67],"chest_ids":[9,10],"equipment_to_display":[388,392,396,400],"hero_achievement_ids":[129],"hero_ids":[17],"payers_get_at_end":[{"crusader_id":17,"reward":"claim_crusader"}],"premium_chest_type_id":10,"shop_desc":"Each Gold Dhadius Chest contains five cards, two of which are guaranteed to be gear for Dhadius (at least one of which will be rare or better)","specializations_to_display":[598,599],"tab_graphics":[4552,1675],"upgrades_to_display":[{"description":"Dhadius casts a Skill Empowerment spell but rolls poorly, allowing nearby Champions to also increase their damage if they have an intelligence stat of 14 or higher","graphic_id":1677,"name":"Skill Empowerment"},{"description":"Dhadius increases the damage of each successive orb of the same element by 50%","graphic_id":1678,"name":"Practice Makes Perfect"}]},{"achievement_ids":[217,218,219,220],"adventure_ids":[293,294,295,296],"chest_ids":[81,82],"equipment_to_display":[844,848,852,856],"hero_achievement_ids":[221],"hero_ids":[36],"payers_get_at_end":[{"crusader_id":36,"reward":"claim_crusader"}],"premium_chest_type_id":82,"shop_desc":"Each Gold Warden Chest contains five cards, two of which are guaranteed to be gear for Warden (at least one of which will be rare or better)","specializations_to_display":[1899,1900],"tab_graphics":[4553,4507],"upgrades_to_display":[{"description":"Warden causes enemies they attack to take extra damage from all sources.","graphic_id":4508,"name":"Hex"},{"description":"Enemies that die while affected by Hex spread it to nearby enemies.","graphic_id":4509,"name":"Master of Hexes"}]},{"achievement_ids":[337,338,339,340],"adventure_ids":[453,454,455,456],"chest_ids":[164,165],"equipment_to_display":[1252,1256,1260,1264],"hero_achievement_ids":[341],"hero_ids":[53],"payers_get_at_end":[{"crusader_id":53,"reward":"claim_crusader"}],"premium_chest_type_id":165,"shop_desc":"Each Gold Krull Chest contains five cards, two of which are guaranteed to be gear for Krull (at least one of which will be rare or better)","specializations_to_display":[3214,3215],"tab_graphics":[4554,6810],"upgrades_to_display":[{"description":"Krull plagues enemies as they spawn, debuffing them in various ways.","graphic_id":6791,"name":"Draconic Plague"},{"description":"Krull greatly increases the damage of all evil champions, but by less if there are any do-gooders around.","graphic_id":6790,"name":"Arkhan's Army"}]}]},"end_purchases_in":1206064,"ends_in":1033264,"event_id":4,"event_instance":2,"name":"Simril","next_year_unlock_cost":[{"amount":6,"cost":"time_gate_key_fragments"}],"total_duration":1036800},{"_time":1572897636,"active":true,"analytics_name":"Questing Weekend","description":"[Not Shown In Game For Mini Events]","details":{"allow_premium_chest_purchase":true,"buff_id":1645,"chest_ids":[198],"console_tab_graphic":6686,"effects_by_crusader":{"1":["buff_upgrade,200,4"],"26":["buff_upgrade,200,1076"],"3":["buff_upgrade,200,38"],"32":["global_dps_multiplier_mult,200"],"40":["hero_dps_multiplier_mult,400"]},"feat_id":0,"golden_epic_loot_id":760,"hero_ids":[1,26,3,40,32],"is_mini_event":true,"notification_background":6689,"notification_type":"gold","premium_chest_type_id":198,"promo_buff_desc":"Use these Champions to defeat the Xanathar!","promo_buff_title":"Questing Weekend","promo_chest_desc":"Check out these limited-time Gold Quest-Filled Chests that contain equipment for just the five Champions to the left! (Note: only for unlocked Champions - if you do not have Evelyn, Black Viper, or Wulfgar unlocked, their gear will not appear in the chests)","promo_header":6688,"shop_desc":"Each Gold Quest-Filled Chest contains five cards, of which two are guaranteed to be equipment for Bruenor, Evelyn, Nayeli, Black Viper, or Wulfgar (at least one of which will be rare or better; only for unlocked Champions; does not unlock the Champion if you don't already own it)","shop_title_graphic":6688,"skin_id":0,"time_store_available_for_after_event":0},"end_purchases_in":237,"ends_in":237,"event_id":110,"event_instance":0,"name":"Questing Weekend","next_year_unlock_cost":[],"total_duration":266400},{"_time":1573502219,"active":true,"analytics_name":"Aerois Welcome Weekend","description":"[Not Shown In Game For Mini Events]","details":{"allow_premium_chest_purchase":true,"buff_id":1646,"chest_ids":[199],"console_tab_graphic":6679,"effects_by_crusader":{"11":["hero_dps_multiplier_mult,400"],"28":["gold_multiplier_mult,200"],"42":["buff_upgrade,200,2201"],"44":["global_dps_multiplier_mult,200"],"6":["buff_upgrades,200,91,976,975,90,977,92"]},"feat_id":0,"golden_epic_loot_id":1044,"hero_ids":[28,44,6,42,11],"is_mini_event":true,"notification_background":6681,"notification_type":"gold","premium_chest_type_id":199,"promo_buff_desc":"Welcome Sentry by using the other Heroes of Aerois and their friends this weekend!","promo_buff_title":"Aerois Welcome Weekend","promo_chest_desc":"Check out these limited-time Gold Lowlands Chests that contain equipment for just the five Champions to the left! (Note: only for unlocked Champions - if you do not have Deekin, Qillek, or Aila unlocked, their gear will not appear in the chests)","promo_header":6680,"shop_desc":"Each Gold Lowlands Chest contains five cards, of which two are guaranteed to be equipment for Deekin, Qillek, Asharra, Aila, or Jamilah (at least one of which will be rare or better; only for unlocked Champions; does not unlock the Champion if you don't already own it)","shop_title_graphic":6680,"skin_id":0,"time_store_available_for_after_event":0},"end_purchases_in":372,"ends_in":372,"event_id":111,"event_instance":0,"name":"Aerois Welcome Weekend","next_year_unlock_cost":[],"total_duration":259200},{"_time":1574049707,"active":true,"analytics_name":"Mirror Image Weekend","description":"[Not Shown In Game For Mini Events]","details":{"allow_premium_chest_purchase":true,"buff_id":1647,"chest_ids":[200],"console_tab_graphic":6820,"effects_by_crusader":{"10":["buff_upgrade,200,145"],"2":["buff_upgrade,200,24"],"25":["hero_dps_multiplier_mult,400"],"47":["gold_multiplier_mult,200"],"51":["buff_upgrade,200,3044"]},"feat_id":0,"golden_epic_loot_id":1212,"hero_ids":[2,47,25,10,51],"is_mini_event":true,"notification_background":6822,"notification_type":"gold","premium_chest_type_id":200,"promo_buff_desc":"Use these Champions to help you complete your Feast of the Moon variants!","promo_buff_title":"Mirror Image Weekend","promo_chest_desc":"Check out these limited-time Gold Cloned Chests that contain equipment for just the five Champions to the left! (Note: only for unlocked Champions - if you do not have Shandie, Catti-brie, or Avren unlocked, their gear will not appear in the chests)","promo_header":6821,"shop_desc":"Each Gold Cloned Chest contains five cards, of which two are guaranteed to be equipment for Celeste, Shandie, Catti-brie, Tyril, or Avren (at least one of which will be rare or better; only for unlocked Champions; does not unlock the Champion if you don't already own it)","shop_title_graphic":6821,"skin_id":0,"time_store_available_for_after_event":0},"end_purchases_in":57740,"ends_in":57740,"event_id":112,"event_instance":0,"name":"Mirror Image Weekend","next_year_unlock_cost":[],"total_duration":259200},{"_time":1574655032,"active":true,"analytics_name":"New Recruits Weekend","description":"[Not Shown In Game For Mini Events]","details":{"allow_premium_chest_purchase":true,"buff_id":1648,"chest_ids":[201],"console_tab_graphic":6862,"effects_by_crusader":{"16":["global_dps_multiplier_mult,200"],"34":["buff_upgrade,200,1593"],"35":["gold_multiplier_mult,200"],"5":["buff_upgrade,200,71"],"7":["buff_upgrades,200,109,111,108,112,110"]},"feat_id":0,"golden_epic_loot_id":368,"hero_ids":[16,5,7,34,35],"is_mini_event":true,"notification_background":6864,"notification_type":"gold","premium_chest_type_id":201,"promo_buff_desc":"Use these Champions to help you in your Time Gate adventures!","promo_buff_title":"New Recruits Weekend","promo_chest_desc":"Check out these limited-time Gold Pristine Chests that contain equipment for just the five Champions to the left! (Note: only for unlocked Champions - if you do not have Gromma, Donaar, or Vlahnya unlocked, their gear will not appear in the chests)","promo_header":6863,"shop_desc":"Each Gold Pristine Chest contains five cards, of which two are guaranteed to be equipment for Gromma, Calliope, Minsc, Donaar, or Vlahnya (at least one of which will be rare or better; only for unlocked Champions; does not unlock the Champion if you don't already own it)","shop_title_graphic":6863,"skin_id":0,"time_store_available_for_after_event":0},"end_purchases_in":57074,"ends_in":57074,"event_id":113,"event_instance":0,"name":"New Recruits Weekend","next_year_unlock_cost":[],"total_duration":259200}]