[{"_time":1579557730,"id":1,"map_id":1,"map_location_name":"location_spine","name":"Spine of the World","properties":{"description":"It's very cold"}},{"_time":1579557730,"id":2,"map_id":1,"map_location_name":"location_wayside","name":"Wayside Inn","properties":{"description":"It's very warm"}},{"_time":1579557730,"id":3,"map_id":1,"map_location_name":"location_waterdeep","name":"Waterdeep","properties":{"description":"It's very watery"}},{"_time":1575862106,"id":4,"map_id":1,"map_location_name":"location_luskan","name":"Luskan","properties":{"description":"It's very luskany"}},{"_time":1571113418,"id":5,"map_id":1,"map_location_name":"location_triboar","name":"Triboar","properties":{"description":"It's very tribory"}},{"_time":1579557730,"id":6,"map_id":1,"map_location_name":"location_daggerford","name":"Daggerford","properties":{"description":"It's very stabby"}},{"_time":1579557730,"id":7,"map_id":1,"map_location_name":"location_longsaddle","name":"Longsaddle","properties":{"description":"It's very saddley"}},{"_time":1579557730,"id":8,"map_id":2,"map_location_name":"location_nyanzaru","name":"Port Nyanzaru","properties":{"description":"It's very nyany"}},{"_time":1579557730,"id":9,"map_id":2,"map_location_name":"location_vengeance","name":"Camp Vengeance","properties":{"description":"It's very vengey"}},{"_time":1579557730,"id":10,"map_id":2,"map_location_name":"location_kirsabal","name":"Kir Sabal","properties":{"description":"It's very feathery"}},{"_time":1579557730,"id":11,"map_id":2,"map_location_name":"location_omu","name":"Lost City of Omu","properties":{"description":"It's very lost"}},{"_time":1579561516,"id":12,"map_id":1,"map_location_name":"location_time_portal","name":"Time Portal","properties":{"description":"It's very mystra-y"}},{"_time":1579557730,"id":13,"map_id":3,"map_location_name":"location_barovia","name":"Village of Barovia","properties":{"description":"It's very misty"}},{"_time":1579557730,"id":14,"map_id":2,"map_location_name":"location_shilku","name":"Ruined city of Shilku","properties":{"description":"It's very ruined"}},{"_time":1579557730,"id":15,"map_id":3,"map_location_name":"location_vallaki","name":"Town of Vallaki","properties":{"description":"It's very vallaki-y"}},{"_time":1579557730,"id":16,"map_id":3,"map_location_name":"location_wizardwine","name":"Wizardwine Winery","properties":{"description":"It's very wine-y"}},{"_time":1579557730,"id":17,"map_id":2,"map_location_name":"location_orolunga","name":"Orolunga","properties":{"description":"It's very lung-y"}},{"_time":1579557730,"id":18,"map_id":3,"map_location_name":"location_ambertemple","name":"Amber Temple","properties":{"description":"It's very ambery"}},{"_time":1579557730,"id":19,"map_id":3,"map_location_name":"location_castleravenloft","name":"Castle Ravenloft","properties":{"description":"It's very lofty"}},{"_time":1579557730,"id":20,"map_id":1,"map_location_name":"location_lurkwood","name":"The Lurkwood","properties":{"description":"It's very lurky"}},{"_time":1579557730,"id":21,"map_id":1,"map_location_name":"location_elturel","name":"Elturel","properties":{"description":"It's very el-ish"}},{"_time":1579557730,"id":22,"map_id":1,"map_location_name":"location_baldursgate","name":"Baldur's Gate","properties":{"description":"It's very old-school"}},{"_time":1579557730,"id":23,"map_id":4,"map_location_name":"location_blackstaff","name":"Blackstaff","properties":{"description":"It's very staffy"}},{"_time":1579557730,"id":24,"map_id":4,"map_location_name":"location_yawningportal","name":"Yawning Portal","properties":{"description":"It's very yawny"}},{"_time":1579557730,"id":25,"map_id":4,"map_location_name":"location_trollskull","name":"Trollskull Manor","properties":{"description":"It's very trolly"}},{"_time":1579557730,"id":26,"map_id":4,"map_location_name":"location_gralhund","name":"Gralhund","properties":{"description":"It's very grally"}},{"_time":1579557730,"id":27,"map_id":4,"map_location_name":"location_undermountain2","name":"Undermountain Level 2","properties":{"description":"It's very dark"}},{"_time":1579557730,"id":28,"map_id":4,"map_location_name":"location_undermountain3","name":"Undermountain Level 3","properties":{"description":"It's very very dark"}},{"_time":1579557730,"id":29,"map_id":4,"map_location_name":"location_skullport","name":"Skullport","properties":{"description":"It's very skully"}}]