[{"_time":1579557730,"id":1,"location_graphic_id":57,"map_graphic_id":782,"minimap_graphic_id":1687,"name":"The Sword Coast","properties":{"paths":["path_to_wayside","path_to_waterdeep","path_to_longsaddle"]}},{"_time":1579557730,"id":2,"location_graphic_id":1685,"map_graphic_id":1595,"minimap_graphic_id":1686,"name":"Chult","properties":{"paths":["path_to_vengeance","path_to_kirsabal","path_to_omu"]}},{"_time":1579557730,"id":3,"location_graphic_id":3527,"map_graphic_id":3528,"minimap_graphic_id":3535,"name":"Barovia","properties":{"paths":["path_to_barovia"]}},{"_time":1579557730,"id":4,"location_graphic_id":5833,"map_graphic_id":5834,"minimap_graphic_id":6696,"name":"Waterdeep","properties":[]}]