[{"_time":1579561516,"description":"Favor with Torm, the god of duty and loyalty, revered by those who face danger to bring about a greater good.","effects":[{"effect_string":"gold_multiplier_add,$(reset_currency_count)"}],"graphic_id":757,"id":1,"name":"Torm's Favor","properties":{"box_icon":1423,"campaign_name":"Grand Tour of the Sword Coast","can_convert_to":true,"can_reset":true,"outlined_icon":1422}},{"_time":1579561516,"description":"Favor with Chauntea, the goddess of agriculture and the Great Mother, who is often worshipped by rural folk, especially during Highharvestide.","effects":[{"effect_string":"gold_multiplier_add,$(reset_currency_count)"}],"graphic_id":1090,"id":2,"name":"Chauntea's Favor","properties":{"box_icon":1431,"campaign_name":"Highharvestide","can_convert":true,"convert_end_date":"2019-10-14 12:00:00","convert_start_date":"2019-10-07 12:00:00","mini_graphic_id":1092,"outlined_icon":1430}},{"_time":1579561516,"description":"Favor with Kelemvor, the lord of the dead, the judge of the damned, who despises the undead and seeks a peaceful transition for all.","effects":[{"effect_string":"gold_multiplier_add,$(reset_currency_count)"}],"graphic_id":1297,"id":3,"name":"Kelemvor's Favor","properties":{"box_icon":1425,"campaign_name":"Tomb of Annihilation","can_convert_to":true,"can_reset":true,"outlined_icon":1424}},{"_time":1579561516,"description":"Favor with Leira, the goddess of deception and illusions, who delights in the confusion sown by her various incarnations.","effects":[{"effect_string":"gold_multiplier_add,$(reset_currency_count)"}],"graphic_id":1338,"id":4,"name":"Leira's Favor","properties":{"box_icon":1427,"campaign_name":"Liars' Night","can_convert":true,"convert_end_date":"2019-11-04 12:00:00","convert_start_date":"2019-10-28 12:00:00","mini_graphic_id":1340,"outlined_icon":1426}},{"_time":1579561516,"description":"Favor with Jergal, the final scribe, the pitiless one, the bleak seneschal, who abdicated control of the dead to three ambitious mortals.","effects":[{"effect_string":"gold_multiplier_add,$(reset_currency_count)"}],"graphic_id":1459,"id":5,"name":"Jergal's Favor","properties":{"box_icon":1429,"campaign_name":"Feast of the Moon","can_convert":true,"convert_end_date":"2019-11-25 12:00:00","convert_start_date":"2019-11-18 12:00:00","mini_graphic_id":1461,"outlined_icon":1428}},{"_time":1579561516,"description":"Favor with Shar, the Mistress of the Night, the Dark Lady, Our Lady of Loss. The dark twin of Selune.","effects":[{"effect_string":"gold_multiplier_add,$(reset_currency_count)"}],"graphic_id":1653,"id":6,"name":"Shar's Favor","properties":{"box_icon":1682,"campaign_name":"Simril","can_convert":true,"convert_end_date":"2019-12-16 12:00:00","convert_start_date":"2019-12-09 12:00:00","mini_graphic_id":1655,"outlined_icon":1681}},{"_time":1579561516,"description":"Favor with Oghma, god of inspiration, invention, and knowledge. Their faithful spread knowledge and literacy far and wide. ","effects":[{"effect_string":"gold_multiplier_add,$(reset_currency_count)"}],"graphic_id":1878,"id":7,"name":"Oghma's Favor","properties":{"box_icon":1876,"campaign_name":"Wintershield","can_convert":true,"convert_end_date":"2020-01-06 12:00:00","convert_start_date":"2019-12-30 12:00:00","mini_graphic_id":1880,"outlined_icon":1875}},{"_time":1579561516,"description":"Favor with Auril, the Frostmaiden, the merciless goddess of cold and winter. Folk worship Auril to seek mercy from a hard winter.","effects":[{"effect_string":"gold_multiplier_add,$(reset_currency_count)"}],"graphic_id":2008,"id":8,"name":"Auril's Favor","properties":{"box_icon":2006,"campaign_name":"Midwinter","can_convert":true,"convert_end_date":"2020-01-27 12:00:00","convert_start_date":"2020-01-20 12:00:00","mini_graphic_id":2010,"outlined_icon":2005}},{"_time":1579561516,"description":"Favor with Helm, god of watchfulness.","effects":[{"effect_string":"gold_multiplier_add,$(reset_currency_count)"}],"graphic_id":3148,"id":15,"name":"Helm's Favor","properties":{"box_icon":3149,"campaign_name":"Waterdeep: Dragon Heist","can_convert_to":true,"can_reset":true,"outlined_icon":3150}},{"_time":1579561516,"description":"Favor with Mystra, the goddess of magic and possibilities.","effects":[{"effect_string":"gold_multiplier_add,$(reset_currency_count)"}],"graphic_id":3361,"id":17,"name":"Mystra's Favor","properties":{"box_icon":3363,"campaign_name":"Time Gates","can_convert":true,"convert_end_date":"2020-01-23 14:01:40","convert_ratio":0.05,"convert_start_date":"2020-01-23 14:01:39","mini_graphic_id":3212,"outlined_icon":3362,"time_gate_currency":true}},{"_time":1579561516,"description":"Favor with Savras, god of divination and fortunetelling.","effects":[{"effect_string":"gold_multiplier_add,$(reset_currency_count)"}],"graphic_id":3562,"id":19,"name":"Savras' Favor","properties":{"box_icon":3560,"campaign_name":"Midsummer","can_convert":true,"convert_end_date":"2019-08-12 12:00:00","convert_start_date":"2019-08-05 12:00:00","mini_graphic_id":3564,"outlined_icon":3559}},{"_time":1579561516,"description":"Favor with Azuth, God of Wizardry.","effects":[{"effect_string":"gold_multiplier_add,$(reset_currency_count)"}],"graphic_id":3669,"id":20,"name":"Azuth's Favor","properties":{"box_icon":3667,"campaign_name":"Ahghairon's Day","can_convert":true,"convert_end_date":"2019-09-02 12:00:00","convert_start_date":"2019-08-26 12:00:00","mini_graphic_id":3675,"outlined_icon":3666}},{"_time":1579561516,"description":"Favor with Tempus, the Lord of Battles.","effects":[{"effect_string":"gold_multiplier_add,$(reset_currency_count)"}],"graphic_id":3930,"id":21,"name":"Tempus's Favor","properties":{"box_icon":3928,"campaign_name":"Brightswords","can_convert":true,"convert_end_date":"2019-09-23 12:00:00","convert_start_date":"2019-09-16 12:00:00","mini_graphic_id":3940,"outlined_icon":3927}},{"_time":1579561516,"description":"Favor with Tiamat, the five-headed goddess of greed.","effects":[{"effect_string":"gold_multiplier_add,$(reset_currency_count)"}],"graphic_id":6513,"id":22,"name":"Tiamat's Favor","properties":{"box_icon":6514,"campaign_name":"Descent into Avernus","can_convert_to":true,"can_reset":true,"outlined_icon":6515}}]