[{"_time":1574888480,"id":1,"requirements":[],"reset_currency_id":1,"tier_id":1},{"_time":1574888480,"id":2,"requirements":[{"amount":15,"reset_currency_id":1,"type":"reset_upgrades_purchased"}],"reset_currency_id":1,"tier_id":2},{"_time":1574888480,"id":3,"requirements":[{"amount":65,"reset_currency_id":1,"type":"reset_upgrades_purchased"}],"reset_currency_id":1,"tier_id":3},{"_time":1574888480,"id":4,"requirements":[],"reset_currency_id":3,"tier_id":1},{"_time":1574888480,"id":5,"requirements":[{"amount":30,"reset_currency_id":3,"type":"reset_upgrades_purchased"}],"reset_currency_id":3,"tier_id":2},{"_time":1574888480,"id":6,"requirements":[{"amount":80,"reset_currency_id":3,"type":"reset_upgrades_purchased"}],"reset_currency_id":3,"tier_id":3},{"_time":1574888480,"id":7,"requirements":[{"amount":100,"reset_currency_id":1,"type":"reset_upgrades_purchased"}],"reset_currency_id":1,"tier_id":4},{"_time":1574888480,"id":8,"requirements":[{"amount":140,"reset_currency_id":3,"type":"reset_upgrades_purchased"}],"reset_currency_id":3,"tier_id":4},{"_time":1574888480,"id":9,"requirements":[],"reset_currency_id":15,"tier_id":1},{"_time":1574888480,"id":10,"requirements":[{"amount":40,"reset_currency_id":15,"type":"reset_upgrades_purchased"}],"reset_currency_id":15,"tier_id":2},{"_time":1574888480,"id":11,"requirements":[{"amount":100,"reset_currency_id":15,"type":"reset_upgrades_purchased"}],"reset_currency_id":15,"tier_id":3},{"_time":1574888480,"id":12,"requirements":[],"reset_currency_id":22,"tier_id":1},{"_time":1574888480,"id":13,"requirements":[{"amount":30,"reset_currency_id":22,"type":"reset_upgrades_purchased"}],"reset_currency_id":22,"tier_id":2},{"_time":1574888480,"id":14,"requirements":[{"amount":90,"reset_currency_id":22,"type":"reset_upgrades_purchased"}],"reset_currency_id":22,"tier_id":3}]