[{"_time":1574888480,"cost":{"base_cost":50,"scaling":2},"effects":[{"effect_string":"global_dps_multiplier_mult,$replace","per_level":50}],"graphic_id":4417,"id":1,"levels":20,"name":"Extra Training","properties":[],"reset_currency_id":1,"tier_id":1,"type":1},{"_time":1574888480,"cost":{"base_cost":750,"scaling":3},"effects":[{"effect_string":"reduce_attack_cooldown,$replace","per_level":0.05,"value_prefix":"-","value_suffix":" second$s"}],"graphic_id":4416,"id":2,"levels":5,"name":"Speedy Attacks","properties":[],"reset_currency_id":1,"tier_id":1,"type":1},{"_time":1574888480,"cost":{"base_cost":1000,"scaling":4},"effects":[{"effect_string":"bonus_favor_earned_from_reset,$replace,1","per_level":2}],"graphic_id":4415,"id":3,"levels":5,"name":"Divine Blessing","properties":[],"reset_currency_id":1,"tier_id":1,"type":1},{"_time":1574888480,"cost":{"base_cost":100000,"scaling":1},"effects":[{"effect_string":"global_dps_multiplier_times_desc,$replace","per_level":100}],"graphic_id":4417,"id":4,"levels":1,"name":"Double Damage","properties":[],"reset_currency_id":1,"tier_id":1,"type":2},{"_time":1574888480,"cost":{"base_cost":2500,"scaling":1.5},"effects":[{"effect_string":"hero_dps_multiplier_if_attack_cooldown,$replace,>,4","per_level":25,"targets":["all"]}],"graphic_id":4417,"id":5,"levels":30,"name":"Heavy Hitters","properties":[],"reset_currency_id":1,"tier_id":2,"type":1},{"_time":1574888480,"cost":{"base_cost":2500,"scaling":1.5},"effects":[{"effect_string":"hero_dps_multiplier_if_attack_cooldown,$replace,<=,4","per_level":25,"targets":["all"]}],"graphic_id":4417,"id":6,"levels":30,"name":"Quick Hitters","properties":[],"reset_currency_id":1,"tier_id":2,"type":1},{"_time":1574888480,"cost":{"base_cost":5000,"scaling":2.5},"effects":[{"effect_string":"ult_attack_speed_mult,$replace","per_level":2,"value_prefix":"-"}],"graphic_id":4422,"id":7,"levels":10,"name":"Fast Recovery","properties":[],"reset_currency_id":1,"tier_id":2,"type":1},{"_time":1574888480,"cost":{"base_cost":50000000,"scaling":1},"effects":[{"effect_string":"increase_boss_gems,$replace","per_level":1}],"graphic_id":4419,"id":8,"levels":1,"name":"Gem Hunter","properties":[],"reset_currency_id":1,"tier_id":2,"type":2},{"_time":1574888480,"cost":{"base_cost":1000000,"scaling":1.5},"effects":[{"effect_string":"global_dps_multiplier_mult,$replace","per_level":50}],"graphic_id":4417,"id":9,"levels":30,"name":"Additional Training","properties":[],"reset_currency_id":1,"tier_id":3,"type":1},{"_time":1574888480,"cost":{"base_cost":5000000,"scaling":6},"effects":[{"effect_string":"effect_def,278","per_level":0.1,"value_prefix":"-","value_suffix":" second$s"}],"graphic_id":4416,"id":10,"levels":5,"name":"Lead the Charge","properties":[],"reset_currency_id":1,"tier_id":3,"type":1},{"_time":1574888480,"cost":{"base_cost":3330000,"scaling":2.5},"effects":[{"effect_string":"full_equip_dps_mult,$replace","per_level":50}],"graphic_id":4417,"id":11,"levels":20,"name":"Well Geared","properties":[],"reset_currency_id":1,"tier_id":3,"type":1},{"_time":1574888480,"cost":{"base_cost":75000000000,"scaling":1},"effects":[{"effect_string":"distraction_gold_mult,$replace","per_level":25}],"graphic_id":4420,"id":12,"levels":1,"name":"Less Distracted","properties":[],"reset_currency_id":1,"tier_id":3,"type":2},{"_time":1574888480,"cost":{"base_cost":100,"scaling":1.35},"effects":[{"effect_string":"global_dps_multiplier_mult,$replace","per_level":50}],"graphic_id":4417,"id":13,"levels":40,"name":"Empowered Attacks","properties":[],"reset_currency_id":3,"tier_id":1,"type":1},{"_time":1574888480,"cost":{"base_cost":600,"scaling":2},"effects":[{"effect_string":"gold_multiplier_mult,$replace","per_level":20}],"graphic_id":4420,"id":14,"levels":10,"name":"Golden Riches","properties":[],"reset_currency_id":3,"tier_id":1,"type":1},{"_time":1574888480,"cost":{"base_cost":1500,"scaling":1.25},"effects":[{"affects_bosses":false,"effect_string":"monster_health_decrease_by_tag,$replace,undead","per_level":5,"value_prefix":"-"}],"graphic_id":4421,"id":15,"levels":15,"name":"Withering Away","properties":[],"reset_currency_id":3,"tier_id":1,"type":1},{"_time":1574888480,"cost":{"base_cost":2500000,"scaling":1},"effects":[{"effect_string":"global_dps_multiplier_times_desc,$replace","per_level":100}],"graphic_id":4417,"id":16,"levels":1,"name":"Legendary Champions","properties":[],"reset_currency_id":3,"tier_id":1,"type":2},{"_time":1574888480,"cost":{"base_cost":20000,"scaling":2},"effects":[{"effect_string":"effect_def,56","per_level":0.05,"value_prefix":"-","value_suffix":" second$s"}],"graphic_id":4416,"id":17,"levels":10,"name":"Edge of Your Seat","properties":[],"reset_currency_id":3,"tier_id":2,"type":1},{"_time":1574888480,"cost":{"base_cost":35000,"scaling":1.3},"effects":[{"effect_string":"effect_def,57","per_level":50}],"graphic_id":4417,"id":18,"levels":30,"name":"Womanly Wiles","properties":[],"reset_currency_id":3,"tier_id":2,"type":1},{"_time":1574888480,"cost":{"base_cost":35000,"scaling":1.3},"effects":[{"effect_string":"effect_def,58","per_level":50}],"graphic_id":4417,"id":19,"levels":30,"name":"Showmanship","properties":[],"reset_currency_id":3,"tier_id":2,"type":1},{"_time":1574888480,"cost":{"base_cost":100000000,"scaling":1},"effects":[{"effect_string":"bonus_event_favor_earned_from_reset,$replace","per_level":25}],"graphic_id":4415,"id":20,"levels":1,"name":"Temporary Worship","properties":{"remove_global_text":true},"reset_currency_id":3,"tier_id":2,"type":2},{"_time":1574888480,"cost":{"base_cost":1000000,"scaling":1.37},"effects":[{"effect_string":"global_dps_multiplier_mult,$replace","per_level":50}],"graphic_id":4417,"id":21,"levels":50,"name":"Global Impact","properties":[],"reset_currency_id":3,"tier_id":3,"type":1},{"_time":1574888480,"cost":{"base_cost":2500000,"scaling":2.35},"effects":[{"effect_string":"effect_def,59","per_level":100}],"graphic_id":4417,"id":22,"levels":10,"name":"Fall Back","properties":[],"reset_currency_id":3,"tier_id":3,"type":1},{"_time":1574888480,"cost":{"base_cost":5000000,"scaling":2.4},"effects":[{"effect_string":"hero_epics_dps_mult,$replace","per_level":10}],"graphic_id":4417,"id":23,"levels":15,"name":"Epically Geared","properties":[],"reset_currency_id":3,"tier_id":3,"type":1},{"_time":1574888480,"cost":{"base_cost":100000000000,"scaling":1},"effects":[{"effect_string":"boss_gold_chest_chance,$replace","per_level":2}],"graphic_id":4420,"id":24,"levels":1,"name":"Golden Luck","properties":[],"reset_currency_id":3,"tier_id":3,"type":2},{"_time":1574888480,"cost":{"base_cost":1000000000,"scaling":1.45},"effects":[{"effect_string":"effect_def,192","per_level":50}],"graphic_id":4417,"id":25,"levels":40,"name":"Hold the Line","properties":[],"reset_currency_id":1,"tier_id":4,"type":1},{"_time":1574888480,"cost":{"base_cost":3000000000,"scaling":6},"effects":[{"effect_string":"effect_def,193","per_level":0.1,"value_prefix":"-","value_suffix":" second$s"}],"graphic_id":4416,"id":26,"levels":5,"name":"Lead from Behind","properties":[],"reset_currency_id":1,"tier_id":4,"type":1},{"_time":1574888480,"cost":{"base_cost":4000000000,"scaling":2.5},"effects":[{"effect_string":"global_dps_multiplier_mult,$replace","per_level":100},{"effect_string":"effect_def,194","override_desc":"$target by an additional $amount%","per_level":100,"target_name":"Drizzt Do-Urden"}],"graphic_id":4417,"id":27,"levels":15,"name":"Recruit Drizzt","properties":[],"reset_currency_id":1,"tier_id":4,"type":1},{"_time":1574888480,"cost":{"base_cost":75000000000000,"scaling":1},"effects":[{"effect_string":"add_event_starting_tokens,2500"}],"graphic_id":4418,"id":28,"levels":1,"name":"Start Strong","properties":{"remove_global_text":true},"reset_currency_id":1,"tier_id":4,"type":2},{"_time":1574888480,"cost":{"base_cost":1500000000,"scaling":6},"effects":[{"effect_string":"reduce_attack_cooldown,$replace","per_level":0.05,"value_prefix":"-","value_suffix":" second$s"}],"graphic_id":4416,"id":29,"levels":5,"name":"Speeding Along","properties":[],"reset_currency_id":3,"tier_id":4,"type":1},{"_time":1574888480,"cost":{"base_cost":3000000000,"scaling":1.4},"effects":[{"effect_string":"effect_def,197","per_level":50}],"graphic_id":4417,"id":30,"levels":40,"name":"Top Shelf","properties":[],"reset_currency_id":3,"tier_id":4,"type":1},{"_time":1574888480,"cost":{"base_cost":4000000000,"scaling":2.5},"effects":[{"effect_string":"global_dps_multiplier_mult,$replace","per_level":100},{"effect_string":"effect_def,195","override_desc":"$target by an additional $amount%","per_level":100,"target_name":"Azaka Stormfang"}],"graphic_id":4417,"id":31,"levels":15,"name":"Recruit Azaka","properties":[],"reset_currency_id":3,"tier_id":4,"type":1},{"_time":1574888480,"cost":{"base_cost":100000000000000,"scaling":1},"effects":[{"effect_string":"effect_def,196"}],"graphic_id":4417,"id":32,"levels":1,"name":"Focus on the Core","properties":[],"reset_currency_id":3,"tier_id":4,"type":2},{"_time":1574888480,"cost":{"base_cost":150,"scaling":1.35},"effects":[{"effect_string":"global_dps_multiplier_mult_area_tags,$replace,outdoors","per_level":50}],"graphic_id":4417,"id":33,"levels":20,"name":"Open Lord's Decree","properties":[],"reset_currency_id":15,"tier_id":1,"type":1},{"_time":1574888480,"cost":{"base_cost":900,"scaling":4},"effects":[{"effect_string":"bonus_favor_earned_from_convert,$replace,15","per_level":5}],"graphic_id":4418,"id":34,"levels":5,"name":"Have Faith","properties":[],"reset_currency_id":15,"tier_id":1,"type":1},{"_time":1574888480,"cost":{"base_cost":1550,"scaling":1.4},"effects":[{"effect_string":"global_dps_multiplier_mult,$replace","per_level":50}],"graphic_id":4415,"id":35,"levels":40,"name":"Street Hazards","properties":[],"reset_currency_id":15,"tier_id":1,"type":1},{"_time":1574888480,"cost":{"base_cost":3750000,"scaling":1},"effects":[{"effect_string":"global_dps_multiplier_times_desc,$replace","per_level":100}],"graphic_id":4417,"id":36,"levels":1,"name":"Defending Waterdeep","properties":[],"reset_currency_id":15,"tier_id":1,"type":2},{"_time":1574888480,"cost":{"base_cost":500000,"scaling":3.5},"effects":[{"effect_string":"global_dps_mult_per_unique_race_character_mult,$replace","per_level":5}],"graphic_id":4417,"id":37,"levels":10,"name":"All Walks Of Life","properties":{"required_client_version":200},"reset_currency_id":15,"tier_id":2,"type":1},{"_time":1574888480,"cost":{"base_cost":250000,"scaling":1.62},"effects":[{"effect_string":"effect_def,279","per_level":50}],"graphic_id":4417,"id":38,"levels":30,"name":"Comfortable In The City","properties":[],"reset_currency_id":15,"tier_id":2,"type":1},{"_time":1574888480,"cost":{"base_cost":750000,"scaling":1.75},"effects":[{"effect_string":"effect_def,280","per_level":25}],"graphic_id":4422,"id":39,"levels":20,"name":"The Best Defense","properties":[],"reset_currency_id":15,"tier_id":2,"type":1},{"_time":1574888480,"cost":{"base_cost":25000000000,"scaling":1},"effects":[{"effect_string":"increase_monster_with_tags_gold,$replace,humanoid","per_level":25}],"graphic_id":4420,"id":40,"levels":1,"name":"Deep Pockets","properties":[],"reset_currency_id":15,"tier_id":2,"type":2},{"_time":1574888480,"cost":{"base_cost":5000000000,"scaling":3.5},"effects":[{"effect_string":"global_dps_mult_per_unique_class_mult,$replace","per_level":5}],"graphic_id":4417,"id":41,"levels":10,"name":"Classy Gathering","properties":{"required_client_version":200},"reset_currency_id":15,"tier_id":3,"type":1},{"_time":1574888480,"cost":{"base_cost":125000000,"scaling":2.25},"effects":[{"effect_string":"effect_def,282","per_level":100}],"graphic_id":4417,"id":42,"levels":20,"name":"The Middle Road","properties":[],"reset_currency_id":15,"tier_id":3,"type":1},{"_time":1574888480,"cost":{"base_cost":7500000000,"scaling":4},"effects":[{"effect_string":"effect_def,281","per_level":2}],"graphic_id":4422,"id":43,"levels":10,"name":"Frequent Destruction","properties":[],"reset_currency_id":15,"tier_id":3,"type":1},{"_time":1574888480,"cost":{"base_cost":7500000000000000,"scaling":1},"effects":[{"effect_string":"global_dps_mult_per_loot_rarity_mult,$replace,>=,4","per_level":2}],"graphic_id":4417,"id":44,"levels":1,"name":"Slow and Steady","properties":[],"reset_currency_id":15,"tier_id":3,"type":2},{"_time":1574888480,"cost":{"base_cost":50000,"scaling":2},"effects":[{"effect_string":"global_dps_multiplier_mult,$replace","per_level":50}],"graphic_id":4417,"id":45,"levels":10,"name":"Southern Hospitality","properties":[],"reset_currency_id":22,"tier_id":1,"type":1},{"_time":1574888480,"cost":{"base_cost":125000,"scaling":4.33},"effects":[{"effect_string":"effect_def,481","per_level":50}],"graphic_id":4417,"id":46,"levels":20,"name":"Huddled for Warmth","properties":[],"reset_currency_id":22,"tier_id":1,"type":1},{"_time":1574888480,"cost":{"base_cost":300000,"scaling":2},"effects":[{"effect_string":"global_dps_mult_per_unique_alignment_mult,$replace","per_level":5}],"graphic_id":4417,"id":47,"levels":10,"name":"No Judgement Here","properties":[],"reset_currency_id":22,"tier_id":1,"type":1},{"_time":1574888480,"cost":{"base_cost":2500000000,"scaling":1},"effects":[{"effect_string":"global_dps_multiplier_times_desc,$replace","per_level":100}],"graphic_id":4417,"id":48,"levels":1,"name":"Darkest Before the Light","properties":[],"reset_currency_id":22,"tier_id":1,"type":2},{"_time":1574888480,"cost":{"base_cost":5000000000,"scaling":10},"effects":[{"effect_string":"reduce_attack_cooldown,$replace","per_level":0.1,"value_prefix":"-","value_suffix":" second$s"}],"graphic_id":4416,"id":49,"levels":5,"name":"Quick Thinking","properties":[],"reset_currency_id":22,"tier_id":2,"type":1},{"_time":1574888480,"cost":{"base_cost":12500000,"scaling":1.5},"effects":[{"effect_string":"effect_def,482","per_level":25}],"graphic_id":4417,"id":50,"levels":40,"name":"Evil Incarnate","properties":[],"reset_currency_id":22,"tier_id":2,"type":1},{"_time":1574888480,"cost":{"base_cost":75000000,"scaling":2.5},"effects":[{"effect_string":"global_dps_multiplier_mult,$replace","per_level":50}],"graphic_id":4417,"id":51,"levels":20,"name":"Eve of Destruction","properties":[],"reset_currency_id":22,"tier_id":2,"type":1},{"_time":1574888480,"cost":{"base_cost":25000000000000000,"scaling":1},"effects":[{"effect_string":"bonus_patron_currency_earned_from_freeplay,$replace","per_level":10}],"graphic_id":4415,"id":52,"levels":1,"name":"Extreme Patronage","properties":[],"reset_currency_id":22,"tier_id":2,"type":2},{"_time":1574888480,"cost":{"base_cost":5000000000000000,"scaling":2.75},"effects":[{"effect_string":"global_dps_multiplier_mult_area_tags,$replace,hellish","per_level":100}],"graphic_id":4417,"id":53,"levels":20,"name":"Burning Skies","properties":[],"reset_currency_id":22,"tier_id":3,"type":1},{"_time":1574888480,"cost":{"base_cost":12500000000000000,"scaling":2.25},"effects":[{"effect_string":"effect_def,483","per_level":40}],"graphic_id":4417,"id":54,"levels":25,"name":"Good Always Wins","properties":[],"reset_currency_id":22,"tier_id":3,"type":1},{"_time":1574888480,"cost":{"base_cost":750000000000000000,"scaling":7.66},"effects":[{"effect_string":"global_dps_mult_per_tagged_crusader_mult,$replace,event","per_level":5}],"graphic_id":4417,"id":55,"levels":10,"name":"New Blood","properties":[],"reset_currency_id":22,"tier_id":3,"type":1},{"_time":1574888480,"cost":{"base_cost":7.5e+26,"scaling":1},"effects":[{"effect_string":"global_dps_mult_per_completed_avernus,$replace,CompletedAdventuresVariantsAndPatronVariantsC22","per_level":10}],"graphic_id":4417,"id":56,"levels":1,"name":"Veterans of Avernus","properties":[],"reset_currency_id":22,"tier_id":3,"type":2}]